word,meaning
at,"(verb) To reply to or talk to someone, either online or face-to-face. (from the practice of targeting a message or reply to someone online by writing @name) | (noun) The at sign (@). | (preposition) In, near, or in the general vicinity of a particular place. | (preposition) (indicating time) Indicating occurrence in an instant of time or a period of time relatively short in context or from the speaker's perspective. | (preposition) In the direction of (often in an unfocused or uncaring manner). | (preposition) Denotes a price. | (preposition) Occupied in (activity). | (preposition) In a state of. | (preposition) Indicates a position on a scale or in a series. | (preposition) Because of. | (preposition) Indicates a means, method, or manner. | (preposition) Holding a given speed or rate. | (preposition) (used for skills (including in activities) or areas of knowledge) On the subject of; regarding. | (preposition) (stressed pronunciation) Bothering, irritating, causing discomfort to | (pronoun) Reduced form of that. | (noun) A subdivision of currency, equal to one hundredth of a Lao kip."
attract,"(verb) To pull toward without touching. | (verb) To arouse interest. | (verb) To draw by moral, emotional or sexual influence; to engage or fix, as the mind, attention, etc.; to invite or allure."
author,"(noun) The originator or creator of a work, especially of a literary composition. | (noun) Someone who writes books for a living. | (noun) One's authority for something: an informant. | (verb) (sometimes proscribed) To create a work as its author."
available,"(adjective) Such as one may avail oneself of; capable of being used for the accomplishment of a purpose. | (adjective) Readily obtainable. | (adjective) Valid. | (adjective) Having sufficient power, force, or efficacy to achieve the purpose; availing, effective. | (adjective) Free to meet someone, speak on the telephone, enter a romantic relationship or the like."
baby,"(noun) A very young human, particularly from birth to a couple of years old or until walking is fully mastered. | (noun) Any very young animal, especially a vertebrate; many species have specific names for their babies, such as kittens for the babies of cats, puppies for the babies of dogs, and chickens for the babies of birds. See for more. | (noun) Unborn young; a fetus. | (noun) A person who is immature, infantile or feeble. | (noun) A person who is new to or inexperienced in something. | (noun) The lastborn of a family; the youngest sibling, irrespective of age. | (noun) A term of endearment used to refer to or address one's girlfriend, boyfriend or spouse. | (noun) A form of address to a man or a woman considered to be attractive. | (noun) A pet project or responsibility. | (noun) An affectionate term for anything. | (noun) A small image of an infant; a doll. | (verb) To coddle; to pamper somebody like an infant. | (verb) To tend (something) with care; to be overly attentive to (something), fuss over. | (adjective) Of a child: very young; of the age when he or she would be termed a baby or infant. | (adjective) Of an animal: young. | (adjective) Intended for babies. | (adjective) (of vegetables, etc.) Picked when small and immature (as in baby corn, baby potatoes)."
back,"(noun) The rear of the body, especially the part between the neck and the end of the spine and opposite the chest and belly. | (noun) That which is farthest away from the front. | (noun) Upper part of a natural object which is considered to resemble an animal's back. | (noun) A support or resource in reserve. | (noun) The keel and keelson of a ship. | (noun) The roof of a horizontal underground passage. | (noun) Effort, usually physical. | (noun) A non-alcoholic drink (often water or a soft drink), to go with hard liquor or a cocktail. | (noun) Among leather dealers, one of the thickest and stoutest tanned hides. | (verb) To go in the reverse direction. | (verb) To support. | (verb) (of the wind) To change direction contrary to the normal pattern; that is, to shift anticlockwise in the northern hemisphere, or clockwise in the southern hemisphere. | (verb) (of a square sail) To brace the yards so that the wind presses on the front of the sail, to slow the ship. | (verb) (of an anchor) To lay out a second, smaller anchor to provide additional holding power. | (verb) (of a hunting dog) To stand still behind another dog which has pointed. | (verb) To push or force backwards. | (verb) To get upon the back of; to mount. | (verb) To place or seat upon the back. | (verb) To make a back for; to furnish with a back. | (verb) To adjoin behind; to be at the back of. | (verb) To write upon the back of, possibly as an endorsement. | (verb) (of a justice of the peace) To sign or endorse (a warrant, issued in another county, to apprehend an offender). | (verb) To row backward with (oars). | (adjective) Near the rear. | (adjective) Not current. | (adjective) Far from the main area. | (adjective) In arrear; overdue. | (adjective) Moving or operating backward. | (adjective) Pronounced with the highest part of the body of the tongue toward the back of the mouth, near the soft palate (most often describing a vowel). | (adverb) To or in a previous condition or place. | (adverb) Away from the front or from an edge. | (adverb) In a manner that impedes. | (adverb) In a reciprocal manner; in return. | (adverb) Earlier, ago. | (noun) A large shallow vat; a cistern, tub, or trough, used by brewers, distillers, dyers, picklers, gluemakers, and others, for mixing or cooling wort, holding water, hot glue, etc. | (noun) A ferryboat."
bad,"(noun) Error, mistake. | (noun) An item (or kind of item) of merchandise with negative value; an unwanted good. | (adjective) Unfavorable; negative; not good. | (adjective) Not suitable or fitting. | (adjective) Not appropriate, of manners etc. | (adjective) Unhealthy; liable to cause health problems. | (adjective) Sickly, unhealthy, unwell. | (adjective) Not behaving; behaving badly; misbehaving; mischievous or disobedient. | (adjective) Tricky; stressful; unpleasant. | (adjective) Evil; wicked. | (adjective) Faulty; not functional. | (adjective) (of food) Spoiled, rotten, overripe. | (adjective) (of breath) Malodorous; foul. | (adjective) False; counterfeit; illegitimate. | (adjective) Unskilled; of limited ability; not good. | (adjective) Of poor physical appearance. | (adjective) Bold and daring. | (adjective) Good, superlative, excellent, cool. | (adjective) (of a need, want, or pain) Severe, urgent. | (adjective) Overly promiscuous, licentious. | (adjective) (of a draft/check) Not covered by funds on account. | (adverb) Badly. | (adjective) Fantastic. | (verb) To issue a command; to tell. | (verb) To invite; to summon. | (verb) To utter a greeting or salutation. | (verb) To shell (a walnut)."
balance,"(noun) A state in which opposing forces harmonise; equilibrium. | (noun) Mental equilibrium; mental health; calmness, a state of remaining clear-headed and unperturbed. | (noun) Something of equal weight used to provide equilibrium; counterweight. | (noun) A pair of scales. | (noun) Awareness of both viewpoints or matters; neutrality; rationality; objectivity. | (noun) The overall result of conflicting forces, opinions etc.; the influence which ultimately ""weighs"" more than others. | (noun) Apparent harmony in art (between differing colours, sounds, etc.). | (noun) A list accounting for the debits on one side, and for the credits on the other. | (noun) The result of such a procedure; the difference between credit and debit of an account. | (noun) A device used to regulate the speed of a watch, clock etc. | (noun) The remainder. | (noun) Libra. | (verb) To bring (items) to an equipoise, as the scales of a balance by adjusting the weights. | (verb) To make (concepts) agree. | (verb) To hold (an object or objects) precariously; to support on a narrow base, so as to keep from falling. | (verb) To compare in relative force, importance, value, etc.; to estimate. | (verb) (dancing) To move toward, and then back from, reciprocally. | (verb) To contract, as a sail, into a narrower compass. | (verb) To make the credits and debits of (an account) correspond. | (verb) To be in equilibrium. | (verb) To have matching credits and debits. | (verb) To weigh in a balance. | (verb) To hesitate or fluctuate."
ball,"(noun) A solid or hollow sphere, or roughly spherical mass. | (noun) A round or ellipsoidal object. | (noun) (mildly, usually in the plural) A testicle. | (noun) A leather-covered cushion, fastened to a handle called a ballstock; formerly used by printers for inking the form, then superseded by the roller. | (noun) A large pill, a form in which medicine was given to horses; a bolus. | (verb) To form or wind into a ball. | (verb) To heat in a furnace and form into balls for rolling. | (verb) To have sexual intercourse with. | (verb) To gather balls which cling to the feet, as of damp snow or clay; to gather into balls. | (verb) (usually in present participle) To be hip or cool. | (verb) To play basketball. | (verb) To punish by affixing a ball and chain | (interjection) An appeal by the crowd for holding the ball against a tackled player. This is heard almost any time an opposition player is tackled, without regard to whether the rules about ""prior opportunity"" to dispose of the ball are fulfilled. | (noun) A formal dance. | (noun) A very enjoyable time."
battle,"(noun) A contest, a struggle. | (noun) A general action, fight, or encounter, in which all the divisions of an army are or may be engaged; a combat, an engagement. | (noun) A division of an army; a battalion. | (noun) The main body of an army, as distinct from the vanguard and rear; the battalia. | (verb) To join in battle; to contend in fight | (verb) To fight or struggle; to enter into a battle with. | (verb) To nourish; feed. | (verb) To render (for example soil) fertile or fruitful | (adjective) Improving; nutritious; fattening. | (adjective) Fertile; fruitful."
be,No Definitions Found
bear,"(noun) A large omnivorous mammal, related to the dog and raccoon, having shaggy hair, a very small tail, and flat feet; a member of family Ursidae. | (noun) A rough, unmannerly, uncouth person. | (noun) An investor who sells commodities, securities or futures in anticipation of a fall in prices. | (noun) A state policeman (short for smokey bear). | (noun) A large, hairy man, especially one who is homosexual. | (noun) A portable punching machine. | (noun) A block covered with coarse matting, used to scour the deck. | (noun) The fifteenth Lenormand card. | (noun) Something difficult or tiresome; a burden or chore. | (verb) To endeavour to depress the price of, or prices in. | (adjective) (investments) Characterized by declining prices in securities markets or by belief that the prices will fall. | (verb) To carry or convey, literally or figuratively. | (verb) To support, sustain, or endure. | (verb) To support, keep up, or maintain. | (verb) To press or impinge upon. | (verb) To produce, yield, give birth to. | (verb) (originally nautical) To be, or head, in a specific direction or azimuth (from somewhere). | (verb) To gain or win. | (noun) Barley, especially four-rowed barley or six-rowed barley. | (noun) A pillowcase; a fabric case or covering as for a pillow."
beat,"(noun) A stroke; a blow. | (noun) A pulsation or throb. | (noun) A pulse on the beat level, the metric level at which pulses are heard as the basic unit. Thus a beat is the basic time unit of a piece. | (noun) A rhythm. | (noun) The interference between two tones of almost equal frequency | (noun) (authorship) A short pause in a play, screenplay, or teleplay, for dramatic or comedic effect; a plot point or story development. | (noun) The route patrolled by a police officer or a guard. | (noun) (by extension) An area of a person's responsibility, especially | (noun) An act of reporting news or scientific results before a rival; a scoop. | (noun) That which beats, or surpasses, another or others. | (noun) A precinct. | (noun) A place of habitual or frequent resort. | (noun) A low cheat or swindler. | (noun) The instrumental portion of a piece of hip-hop music. | (noun) The act of scouring, or ranging over, a tract of land to rouse or drive out game; also, those so engaged, collectively. | (noun) A smart tap on the adversary's blade. | (verb) To hit; strike | (verb) To strike or pound repeatedly, usually in some sort of rhythm. | (verb) To strike repeatedly; to inflict repeated blows; to knock vigorously or loudly. | (verb) To move with pulsation or throbbing. | (verb) To win against; to defeat or overcome; to do better than, outdo, or excel (someone) in a particular, competitive event. | (verb) To sail to windward using a series of alternate tacks across the wind. | (verb) To strike (water, foliage etc.) in order to drive out game; to travel through (a forest etc.) for hunting. | (verb) To mix food in a rapid fashion. Compare whip. | (verb) (In haggling for a price) of a buyer, to persuade the seller to reduce a price | (verb) To indicate by beating or drumming. | (verb) To tread, as a path. | (verb) To exercise severely; to perplex; to trouble. | (verb) To be in agitation or doubt. | (verb) To make a sound when struck. | (verb) To make a succession of strokes on a drum. | (verb) To sound with more or less rapid alternations of greater and less intensity, so as to produce a pulsating effect; said of instruments, tones, or vibrations, not perfectly in unison. | (verb) To arrive at a place before someone. | (verb) To have sexual intercourse. | (verb) To rob. | (adjective) Exhausted | (adjective) Dilapidated, beat up | (adjective) Fabulous | (adjective) Boring | (adjective) (of a person) ugly | (noun) A beatnik."
beautiful,(noun) Someone who is beautiful. Can be used as a term of address. | (adjective) Attractive and possessing beauty. | (adjective) (of the weather) Pleasant; clear. | (adjective) Well executed.
beauty,"(noun) The quality of being (especially visually) attractive, pleasing, fine or good-looking; comeliness. | (noun) Someone who is beautiful. | (noun) Something that is particularly good or pleasing. | (noun) An excellent or egregious example of something. | (noun) (with the definite article) The excellence or genius of a scheme or decision. | (noun) A beauty quark (now called bottom quark). | (noun) Beauty treatment; cosmetology. | (noun) Prevailing style or taste; rage; fashion. | (noun) (in the plural) Beautiful passages or extracts of poetry. | (verb) To make beautiful. | (adjective) Of high quality, well done. | (interjection) Thanks! | (interjection) Cool!"
become,"(verb) To arrive, come (to a place). | (verb) To come about; happen; come into being; arise. | (verb) Begin to be; turn into. | (verb) To be proper for; to beseem. | (verb) Of an adornment, piece of clothing etc.: to look attractive on (someone)."
bed,"(noun) A piece of furniture, usually flat and soft, on which to rest or sleep. | (noun) A place, or flat surface or layer, on which something else rests or is laid. | (noun) (heading) A layer or surface. | (verb) Senses relating to a bed as a place for resting or sleeping. | (verb) Senses relating to a bed as a place or layer on which something else rests or is laid."
bedroom,(noun) A room in a house where a bed is kept for sleeping.
beer,"(noun) An alcoholic drink fermented from starch material, commonly barley malt, often with hops or some other substance to impart a bitter flavor. | (noun) A fermented extract of the roots and other parts of various plants, as spruce, ginger, sassafras, etc. | (noun) A solution produced by steeping plant materials in water or another fluid. | (noun) A glass, bottle, or can of any of the above beverages. | (noun) A variety of the above beverages. | (verb) To give beer to (someone) | (noun) One who is or exists."
before,"(adverb) At an earlier time. | (adverb) In advance. | (adverb) At the front end. | (preposition) Earlier than (in time). | (preposition) In front of in space. | (preposition) In the presence of. | (preposition) Under consideration, judgment, authority of (someone). | (preposition) In store for, in the future of (someone). | (preposition) In front of, according to a formal system of ordering items. | (preposition) At a higher or greater position than, in a ranking. | (conjunction) In advance of the time when. | (conjunction) Rather or sooner than."
begin,"(noun) Beginning; start. | (verb) To start, to initiate or take the first step into something. | (verb) To be in the first stage of some situation | (verb) To come into existence."
behind,"(noun) The rear, back-end | (noun) Butt, the buttocks, bottom | (noun) A one-point score. | (noun) (1800s) The catcher. | (noun) In the Eton College field game, any of a group of players consisting of two ""shorts"" (who try to kick the ball over the bully) and a ""long"" (who defends the goal). | (adverb) At the back part; in the rear. | (adverb) Toward the back part or rear; backward. | (adverb) Overdue, in arrears. | (adverb) Slow; of a watch or clock. | (adverb) Existing afterwards | (adverb) Backward in time or order of succession; past. | (adverb) Behind the scenes in a theatre; backstage. | (adverb) Not yet brought forward, produced, or exhibited to view; out of sight; remaining. | (preposition) At the back of; positioned with something else in front of. | (preposition) To the back of. | (preposition) After, time- or motion-wise. | (preposition) Responsible for | (preposition) In support of. | (preposition) Left a distance by, in progress or improvement; inferior to. | (preposition) As a result or consequence of"
believe,"(verb) To accept as true, particularly without absolute certainty (i.e., as opposed to knowing) | (verb) To accept that someone is telling the truth. | (verb) To have religious faith; to believe in a greater truth. | (verb) To opine, think, reckon"
bell,"(noun) A percussive instrument made of metal or other hard material, typically but not always in the shape of an inverted cup with a flared rim, which resonates when struck. | (noun) The sounding of a bell as a signal. | (noun) A telephone call. | (noun) A signal at a school that tells the students when a class is starting or ending. | (noun) The flared end of a brass or woodwind instrument. | (noun) Any of a series of strokes on a bell (or similar), struck every half hour to indicate the time (within a four hour watch) | (noun) The flared end of a pipe, designed to mate with a narrow spigot. | (noun) A device control code that produces a beep (or rings a small electromechanical bell on older teleprinters etc.). | (noun) Anything shaped like a bell, such as the cup or corolla of a flower. | (noun) The part of the capital of a column included between the abacus and neck molding; also used for the naked core of nearly cylindrical shape, assumed to exist within the leafage of a capital. | (noun) An instrument situated on a bicycle's handlebar, used by the cyclist to warn of his or her presence. | (verb) To attach a bell to. | (verb) To shape so that it flares out like a bell. | (verb) To telephone. | (verb) To develop bells or corollas; to take the form of a bell; to blossom. | (noun) The bellow or bay of certain animals, such as a hound on the hunt or a stag in rut. | (verb) To bellow or roar. | (verb) To utter in a loud manner; to thunder forth."
belong,"(verb) To have its proper place. | (verb) (followed by to) To be part of, or the property of. | (verb) (followed by to) To be the spouse or partner of. | (verb) (followed by to) To be an element of (a set). The symbol \in means belongs to. | (verb) To be deserved by. | (preposition) (Australian Aboriginal, optionally followed by to) Of, belonging to."
below,"(adverb) In a lower place. | (adverb) On a lower storey. | (adverb) Further down. | (adverb) On a lower deck. | (adverb) (of a temperature) Below zero. | (preposition) Lower in spatial position than. | (preposition) Within the writing of a given document which follows a particular appearance of the word ""below"". | (preposition) Lower in value, price, rank or concentration than. | (preposition) Downstream of. | (preposition) South of. | (preposition) Unsuitable to the rank or dignity of; beneath. | (preposition) (stage directions) Downstage of."
beneath,"(adverb) Below or underneath. | (preposition) Below. | (preposition) In a position that is lower in rank, dignity, etc. | (preposition) Covered up or concealed by something."
benefit,"(noun) An advantage; help or aid from something. | (noun) A payment made in accordance with an insurance policy or a public assistance scheme. | (noun) An event such as a performance, given to raise funds for some cause. | (noun) Beneficence; liberality | (verb) To be or to provide a benefit to. | (verb) To receive a benefit (from); to be a beneficiary."
beside,(adverb) Otherwise; else. | (preposition) Next to; at the side of. | (preposition) Not relevant to. | (preposition) Besides; in addition to.
best,"(noun) The supreme effort one can make, or has made. | (noun) One's best behavior. | (noun) The person (or persons; or thing or things) that is (are) most excellent. | (verb) To surpass in skill or achievement. | (verb) To beat in a contest | (adjective) Most; largest. | (adjective) Most superior; most favorable. | (adjective) (of people) | (adjective) (of capabilities) | (adjective) (properties and qualities) | (adjective) (when with and) Very, extremely. See good and. | (adjective) Holy (especially when capitalized) . | (adjective) (of quantities) | (adverb) (manner) Accurately, competently, satisfactorily. | (adverb) (manner) Completely, fully. | (adverb) (degree) To a significant degree. | (adverb) (degree) Very (as a general-purpose intensifier). | (adverb) In a desirable manner; so as one could wish; satisfactorily; favourably; advantageously."
better,"(noun) An entity, usually animate, deemed superior to another; one who has a claim to precedence; a superior. | (adjective) Greater in amount or quantity | (adjective) (of people) | (adjective) (of capabilities) | (adjective) (properties and qualities) | (adjective) (when with and) Very, extremely. See good and. | (adjective) Holy (especially when capitalized) . | (adjective) (of quantities) | (adjective) In good health. | (adjective) Good, content. | (adjective) Prudent; good; well-advised. | (adverb) (manner) Accurately, competently, satisfactorily. | (adverb) (manner) Completely, fully. | (adverb) (degree) To a significant degree. | (adverb) (degree) Very (as a general-purpose intensifier). | (adverb) In a desirable manner; so as one could wish; satisfactorily; favourably; advantageously. | (verb) To improve. | (verb) To become better; to improve. | (verb) To surpass in excellence; to exceed; to excel. | (verb) To give advantage to; to support; to advance the interest of. | (verb) (with bare infinitive) Should; ought to; need to; must. | (noun) A person who makes a bet, such as a wager on the outcome of a game of chance or a sporting event."
between,"(noun) A kind of needle, shorter than a sharp, with a small rounded eye, used for making fine stitches on heavy fabrics. | (preposition) In the position or interval that separates (two things), or intermediate in quantity or degree. (See Usage notes below.) | (preposition) Done together or reciprocally. | (preposition) Shared in confidence. | (preposition) In transit from (one to the other, or connecting places). | (preposition) Combined (by effort or ownership). | (preposition) One of (representing a choice)."
beyond,"(noun) The unknown. | (noun) The hereafter. | (noun) Something that is far beyond. | (adverb) Farther along or away. | (adverb) In addition; more. | (adverb) Extremely, more than | (preposition) Further away than. | (preposition) On the far side of. | (preposition) Later than; after. | (preposition) Greater than; so as to exceed or surpass. | (preposition) In addition to. | (preposition) Past, or out of reach of. | (preposition) Not within the comprehension of."
big,"(noun) Someone or something that is large in stature | (noun) An important or powerful person; a celebrity; a big name. | (noun) (as plural) The big leagues, big time. | (noun) (BDSM) The participant in ageplay who acts out the older role. | (verb) To praise, recommend, or promote. | (adjective) Of great size, large. | (adjective) (of an industry or other field, often capitalized) Thought to have undue influence. | (adjective) Popular. | (adjective) Adult. | (adjective) Fat. | (adjective) Important or significant. | (adjective) (with on) Enthusiastic (about). | (adjective) Mature, conscientious, principled; generous. | (adjective) Well-endowed, possessing large breasts in the case of a woman or a large penis in the case of a man. | (adjective) (sometimes figurative) Large with young; pregnant; swelling; ready to give birth or produce. | (adjective) Used as an intensifier, especially of negative-valence nouns | (adjective) (of a city) populous | (adjective) (of somebody's age) old, mature. Used to imply that somebody is too old for something, or acting immaturely. | (adverb) In a loud manner. | (adverb) In a boasting manner. | (adverb) In a large amount or to a large extent. | (adverb) On a large scale, expansively. | (adverb) Hard. | (verb) To inhabit; occupy | (verb) To locate oneself | (verb) To build; erect; fashion | (verb) To dwell; have a dwelling | (noun) One or more kinds of barley, especially six-rowed barley."
bill,"(noun) Any of various bladed or pointed hand weapons, originally designating an Anglo-Saxon sword, and later a weapon of infantry, especially in the 14th and 15th centuries, commonly consisting of a broad, heavy, double-edged, hook-shaped blade, with a short pike at the back and another at the top, attached to the end of a long staff. | (noun) A cutting instrument, with hook-shaped point, and fitted with a handle, used in pruning, etc.; a billhook. | (noun) Somebody armed with a bill; a billman. | (noun) A pickaxe, or mattock. | (noun) The extremity of the arm of an anchor; the point of or beyond the fluke (also called the peak). | (verb) To dig, chop, etc., with a bill. | (noun) The beak of a bird, especially when small or flattish; sometimes also used with reference to a platypus, turtle, or other animal. | (noun) A beak-like projection, especially a promontory. | (noun) Of a cap or hat: the brim or peak, serving as a shade to keep sun off the face and out of the eyes. | (verb) To peck | (verb) To stroke bill against bill, with reference to doves; to caress in fondness | (noun) A written list or inventory. (Now obsolete except in specific senses or set phrases; bill of lading, bill of goods, etc.) | (noun) A document, originally sealed; a formal statement or official memorandum. (Now obsolete except with certain qualifying words; bill of health, bill of sale etc.) | (noun) A draft of a law, presented to a legislature for enactment; a proposed or projected law. | (noun) A declaration made in writing, stating some wrong the complainant has suffered from the defendant, or a fault committed by some person against a law. | (noun) A piece of paper money; a banknote. | (noun) A written note of goods sold, services rendered, or work done, with the price or charge; an invoice. | (noun) A paper, written or printed, and posted up or given away, to advertise something, as a lecture, a play, or the sale of goods | (noun) A writing binding the signer or signers to pay a certain sum at a future day or on demand, with or without interest, as may be stated in the document; a bill of exchange. In the United States, it is usually called a note, a note of hand, or a promissory note. | (noun) A set of items presented together. | (verb) To advertise by a bill or public notice. | (verb) To charge; to send a bill to. | (noun) The bell, or boom, of the bittern."
bird,"(noun) A member of the class of animals Aves in the phylum Chordata, characterized by being warm-blooded, having feathers and wings usually capable of flight, and laying eggs. | (noun) A man, fellow. | (noun) A girl or woman, especially one considered sexually attractive. | (noun) Girlfriend. | (noun) An airplane. | (noun) A satellite. | (noun) A chicken; the young of a fowl; a young eaglet; a nestling. | (verb) To observe or identify wild birds in their natural environment. | (verb) To catch or shoot birds. | (verb) To seek for game or plunder; to thieve. | (noun) A prison sentence. | (noun) A yardbird | (verb) To bring into prison, to roof. | (noun) The vulgar hand gesture in which the middle finger is extended."
birth,"(noun) The process of childbearing; the beginning of life. | (noun) An instance of childbirth. | (noun) A beginning or start; a point of origin. | (noun) The circumstances of one's background, ancestry, or upbringing. | (noun) That which is born. | (verb) To bear or give birth to (a child). | (verb) To produce, give rise to. | (adjective) A familial relationship established by childbirth."
bit,"(noun) A piece of metal placed in a horse's mouth and connected to the reins to direct the animal. | (noun) A rotary cutting tool fitted to a drill, used to bore holes. | (noun) A coin of a specified value. | (noun) A ten-cent piece, dime. | (noun) A unit of currency or coin in the Americas worth a fraction of a Spanish dollar; now specifically, an eighth of a US dollar. | (noun) In the southern and southwestern states, a small silver coin (such as the real) formerly current; commonly, one worth about 12½ cents; also, the sum of 12½ cents. | (noun) A small amount of something. | (noun) Specifically, a small amount of time. | (noun) (plural) Fractions of a second. | (noun) A portion of something. | (noun) Somewhat; something, but not very great; also used like jot and whit to express the smallest degree. See also a bit. | (noun) A prison sentence, especially a short one. | (noun) An excerpt of material making up part of a show, comedy routine, etc. | (noun) A small part or role, sometimes with spoken lines, in a theatrical performance. | (noun) The part of a key which enters the lock and acts upon the bolt and tumblers. | (noun) The cutting iron of a plane. | (noun) The bevelled front edge of an axehead along which the cutting edge runs. | (verb) To put a bridle upon; to put the bit in the mouth of (a horse). | (adjective) Bitten. | (adjective) (only in combination) Having been bitten. | (verb) To cut into something by clamping the teeth. | (verb) To hold something by clamping one's teeth. | (verb) To attack with the teeth. | (verb) To behave aggressively; to reject advances. | (verb) To take hold; to establish firm contact with. | (verb) To have significant effect, often negative. | (verb) (of a fish) To bite a baited hook or other lure and thus be caught. | (verb) To accept something offered, often secretly or deceptively, to cause some action by the acceptor. | (verb) (of an insect) To sting. | (verb) To cause a smarting sensation; to have a property which causes such a sensation; to be pungent. | (verb) (sometimes figurative) To cause sharp pain or damage to; to hurt or injure. | (verb) To cause sharp pain; to produce anguish; to hurt or injure; to have the property of so doing. | (verb) To take or keep a firm hold. | (verb) To take hold of; to hold fast; to adhere to. | (verb) To lack quality; to be worthy of derision; to suck. | (verb) To perform oral sex on. Used in invective. | (verb) To plagiarize, to imitate. | (verb) To deceive or defraud; to take in. | (noun) A binary digit, generally represented as a 1 or 0. | (noun) The smallest unit of storage in a digital computer, consisting of a binary digit. | (noun) Any datum that may take on one of exactly two values. | (noun) A unit of measure for information entropy. | (noun) A microbitcoin, or a millionth of a bitcoin (0.000001 BTC)."
black,"(noun) The colour/color perceived in the absence of light, but also when no light is reflected, but rather absorbed. | (noun) A black dye or pigment. | (noun) A pen, pencil, crayon, etc., made of black pigment. | (noun) (in the plural) Black cloth hung up at funerals. | (noun) (sometimes capitalised) A person of African, Aborigine, or Maori descent; a dark-skinned person. | (noun) Blackness, the condition of having dark skin. | (noun) The black ball. | (noun) The edge of home plate. | (noun) A type of firecracker that is really more dark brown in colour. | (noun) Blackcurrant syrup (in mixed drinks, e.g. snakebite and black, cider and black). | (noun) (in chess and similar games) The person playing with the black set of pieces. | (noun) Something, or a part of a thing, which is black. | (noun) A stain; a spot. | (noun) A dark smut fungus, harmful to wheat. | (noun) Marijuana. | (verb) To make black; to blacken. | (verb) To apply blacking to (something). | (verb) To boycott, usually as part of an industrial dispute. | (adjective) (of an object) Absorbing all light and reflecting none; dark and hueless. | (adjective) (of a place, etc) Without light. | (adjective) (sometimes capitalized) Of or relating to any of various ethnic groups having dark pigmentation of the skin. | (adjective) Designated for use by those ethnic groups which have dark pigmentation of the skin. | (adjective) (of a card) Of the spades or clubs suits. Compare red | (adjective) Bad; evil; ill-omened. | (adjective) Expressing menace, or discontent; threatening; sullen. | (adjective) (of objects, markets, etc) Illegitimate, illegal or disgraced. | (adjective) Overcrowded. | (adjective) (of coffee or tea) Without any cream, milk or creamer. | (adjective) Of or relating to the playing pieces of a board game deemed to belong to the ""black"" set (in chess the set used by the player who moves second) (often regardless of the pieces' actual colour). | (adjective) Said of a symbol or character that is solid, filled with color. Compare white. | (adjective) Related to the Christian Democratic Union of Germany. | (adjective) Clandestine; relating to a political, military, or espionage operation or site, the existence or details of which is withheld from the general public. | (adjective) Occult; relating to something (such as mystical or magical knowledge) which is unknown to or kept secret from the general public. | (adjective) Protestant, often with the implication of being militantly pro-British or anti-Catholic | (adjective) Having one or more features (hair, fur, armour, clothes, bark, etc) that is dark (or black); in taxonomy, especially: dark in comparison to another species with the same base name. | (adjective) Foul; dirty."
blame,"(noun) Censure. | (noun) Culpability for something negative or undesirable. | (noun) Responsibility for something meriting censure. | (noun) A source control feature that can show which user was responsible for a particular portion of the source code. | (verb) To censure (someone or something); to criticize. | (verb) To bring into disrepute. | (verb) (usually followed by ""for"") To assert or consider that someone is the cause of something negative; to place blame, to attribute responsibility (for something negative or for doing something negative)."
blank,"(noun) A small French coin, originally of silver, afterwards of copper, worth 5 deniers; also a silver coin of Henry V current in the parts of France then held by the English, worth about 8 pence . | (noun) A nonplus . | (noun) The white spot in the centre of a target; hence the object to which anything is directed or aimed, the range of such aim . | (noun) A lot by which nothing is gained; a ticket in a lottery on which no prize is indicated . | (noun) An empty space; a void, for example on a paper . | (noun) (now chiefly U.S.) A document, paper, or form with spaces left blank to be filled up at the pleasure of the person to whom it is given (e.g. a blank charter, ballot, form, contract, etc.), or as the event may determine; a blank form . | (noun) Blank verse . | (noun) A piece of metal (such as a coin, screw, nuts), cut and shaped to the required size of the thing to be made, and ready for the finishing operations; (coining) the disc of metal before stamping . | (noun) A vacant space, place, or period; a void . | (noun) The 1 / 230400 of a grain . | (noun) An empty space in one's memory; a forgotten item or memory . | (noun) A dash written in place of an omitted letter or word | (noun) The space character; the character resulting from pressing the space-bar on a keyboard. | (noun) A domino without points on one or both of its divisions. | (noun) Short for blank cartridge. . | (noun) (in the expression ‘shooting blanks’) An ineffective effort which achieves nothing . | (verb) To make void; to erase. | (verb) To ignore (a person) deliberately. | (verb) To prevent from scoring, for example in a sporting event. | (verb) To become blank. | (verb) To be temporarily unable to remember. | (adjective) White or pale; without colour. | (adjective) Free from writing, printing, or marks; having an empty space to be filled in | (adjective) Scoreless; without any goals or points. | (adjective) Lacking characteristics which give variety; uniform. | (adjective) Absolute; downright; sheer. | (adjective) Without expression. | (adjective) Utterly confounded or discomfited. | (adjective) Empty; void; without result; fruitless. | (adjective) Devoid of thoughts, memory, or inspiration. | (adjective) Of ammunition: having propellant but no bullets; unbulleted."
block,"(noun) A substantial, often approximately cuboid, piece of any substance. | (noun) A chopping block; cuboid base for cutting or beheading. | (noun) A group of urban lots of property, several acres in extent, not crossed by public streets. | (noun) A residential building consisting of flats. | (noun) The distance from one street to another in a city that is built (approximately) to a grid pattern. | (noun) Interference or obstruction of cognitive processes. | (noun) The human head. | (noun) A wig block: a simplified head model upon which wigs are worn. | (noun) A mould on which hats, bonnets, etc., are shaped. | (noun) A set of sheets (of paper) joined together at one end. | (noun) A logical data storage unit containing one or more physical sectors (see cluster). | (noun) A region of code in a program that acts as a single unit, such as a function or loop. | (noun) A fixed-length group of bits making up part of a message. | (noun) A case with one or more sheaves/pulleys, used with ropes to increase or redirect force, for example, as part of the rigging of a sailing ship. | (noun) A portion of a macromolecule, comprising many units, that has at least one feature not present in adjacent portions. | (noun) Something that prevents something from passing. | (noun) An action to interfere with the movement of an opposing player or of the object of play (ball, puck). | (noun) A shot played by holding the bat vertically in the path of the ball, so that it loses momentum and drops to the ground. | (noun) A defensive play by one or more players meant to deflect a spiked ball back to the hitter’s court. | (noun) A joined group of four (or in some cases nine) postage stamps, forming a roughly square shape. | (noun) A section of split logs used as fuel. | (noun) Solitary confinement. | (noun) A cellblock. | (noun) The perch on which a bird of prey is kept. | (noun) A piece of hard wood on which a stereotype or electrotype plate is mounted. | (noun) A blockhead; a stupid fellow; a dolt. | (noun) A section of a railroad where the block system is used. | (noun) The position of a player or bat when guarding the wicket. | (noun) A blockhole. | (noun) The popping crease. | (noun) A discrete group of vines in a vineyard, often distinguished from others by variety, clone, canopy training method, irrigation infrastructure, or some combination thereof. | (verb) To fill (something) so that it is not possible to pass. | (verb) To prevent (something or someone) from passing. | (verb) To prevent (something from happening or someone from doing something). | (verb) To impede an opponent. | (verb) To specify the positions and movements of the actors. | (verb) To hit with a block. | (verb) To play a block shot. | (verb) To disable communication via telephone, instant messaging, etc., with an undesirable someone. | (verb) To wait. | (verb) To stretch or mould (a knitted item, a hat, etc.) into the desired shape. | (verb) To shape or sketch out roughly."
blood,"(noun) A member of the Los Angeles gang The Bloods. | (noun) A vital liquid flowing in the bodies of many types of animals that usually conveys nutrients and oxygen. In vertebrates, it is colored red by hemoglobin, is conveyed by arteries and veins, is pumped by the heart and is usually generated in bone marrow. | (noun) A family relationship due to birth, such as that between siblings; contrasted with relationships due to marriage or adoption (see blood relative, blood relation, by blood). | (noun) One of the four humours in the human body. | (noun) A blood test or blood sample. | (noun) The sap or juice which flows in or from plants. | (noun) The juice of anything, especially if red. | (noun) Temper of mind; disposition; mood | (noun) A lively, showy man; a rake; a dandy. | (noun) A blood horse, one of good pedigree. | (noun) Bloodshed. | (verb) To cause something to be covered with blood; to bloody. | (verb) To let blood (from); to bleed. | (verb) To initiate into warfare or a blood sport, traditionally by smearing with the blood of the first kill witnessed."
blow,"(noun) A strong wind. | (noun) A chance to catch one’s breath. | (noun) Cocaine. | (noun) Cannabis. | (noun) (US Chicago Regional) Heroin. | (verb) To produce an air current. | (verb) To propel by an air current. | (verb) To be propelled by an air current. | (verb) To create or shape by blowing; as in to blow bubbles, to blow glass. | (verb) To force a current of air upon with the mouth, or by other means. | (verb) To clear of contents by forcing air through. | (verb) To cause to make sound by blowing, as a musical instrument. | (verb) To make a sound as the result of being blown. | (verb) (of a cetacean) To exhale visibly through the spout the seawater which it has taken in while feeding. | (verb) To explode. | (verb) (with ""up"" or with prep phrase headed by ""to"") To cause to explode, shatter, or be utterly destroyed. | (verb) To cause sudden destruction of. | (verb) To suddenly fail destructively. | (verb) (used to express displeasure or frustration) Damn. | (verb) To be very undesirable. (See also suck.) | (verb) To recklessly squander. | (verb) To fellate; to perform oral sex on (usually a man) | (verb) To leave, especially suddenly or in a hurry. | (verb) To make flyblown, to defile, especially with fly eggs. | (verb) To spread by report; to publish; to disclose. | (verb) To inflate, as with pride; to puff up. | (verb) To breathe hard or quick; to pant; to puff. | (verb) To put out of breath; to cause to blow from fatigue. | (verb) To talk loudly; to boast; to storm. | (verb) To sing. | (verb) To leave the Church of Scientology in an unauthorized manner. | (adjective) Blue. | (noun) The act of striking or hitting. | (noun) A sudden or forcible act or effort; an assault. | (noun) A damaging occurrence. | (noun) A mass or display of flowers; a yield. | (noun) A display of anything brilliant or bright. | (noun) A bloom, state of flowering. | (verb) To blossom; to cause to bloom or blossom."
blue,"(noun) The colour of the clear sky or the deep sea, between green and violet in the visible spectrum, and one of the primary additive colours for transmitted light; the colour obtained by subtracting red and green from white light using magenta and cyan filters; or any colour resembling this. | (noun) A blue dye or pigment. | (noun) Any of several processes to protect metal against rust. | (noun) Blue clothing | (noun) (in the plural) A blue uniform. See blues. | (noun) A member of law enforcement | (noun) The sky, literally or figuratively. | (noun) The ocean; deep waters. | (noun) The far distance; a remote or distant place. | (noun) Anything blue, especially to distinguish it from similar objects differing only in color. | (noun) A dog or cat with a slaty gray coat. | (noun) One of the colour balls used in snooker, with a value of five points. | (noun) Any of the butterflies of the subfamily Polyommatinae in the family Lycaenidae, most of which have blue on their wings. | (noun) A bluefish. | (noun) An argument. | (noun) A liquid with an intense blue colour, added to a laundry wash to prevent yellowing of white clothes. | (noun) A type of firecracker. | (noun) A bluestocking. | (noun) One of the three color charges for quarks. | (verb) To make or become blue. | (verb) To treat the surface of steel so that it is passivated chemically and becomes more resistant to rust. | (verb) (laundry) To brighten by treating with blue (laundry aid) | (verb) To spend (money) extravagantly; to blow. | (adjective) Of the colour blue. | (adjective) Depressed, melancholic, sad. | (adjective) Pale, without redness or glare; said of a flame. | (adjective) Supportive of, run by (a member of), pertaining to, or dominated by a political party represented by the colour blue. | (adjective) Of the higher-frequency region of the part of the electromagnetic spectrum which is relevant in the specific observation. | (adjective) (of steak) Extra rare; left very raw and cold. | (adjective) (of a dog or cat) Having a coat of fur of a slaty gray shade. | (adjective) Severe or overly strict in morals; gloomy. | (adjective) (of women) literary; bluestockinged. | (adjective) Having a color charge of blue. | (adjective) (entertainment) Risque or obscene | (adjective) (entertainment) Pornographic or profane."
board,"(noun) A relatively long, wide and thin piece of any material, usually wood or similar, often for use in construction or furniture-making. | (noun) A device (e.g., switchboard) containing electrical switches and other controls and designed to control lights, sound, telephone connections, etc. | (noun) A flat surface with markings for playing a board game. | (noun) Short for blackboard, whiteboard, chessboard, surfboard, message board (on the Internet), etc. | (noun) A committee that manages the business of an organization, e.g., a board of directors. | (noun) Regular meals or the amount paid for them in a place of lodging. | (noun) The side of a ship. | (noun) The distance a sailing vessel runs between tacks when working to windward. | (noun) The wall that surrounds an ice hockey rink, often in plural. | (noun) A long, narrow table, like that used in a medieval dining hall. | (noun) Paper made thick and stiff like a board, for book covers, etc.; pasteboard. | (noun) A level or stage having a particular layout. | (noun) A container for holding pre-dealt cards that is used to allow multiple sets of players to play the same cards. | (verb) To step or climb onto or otherwise enter a ship, aircraft, train or other conveyance. | (verb) To provide someone with meals and lodging, usually in exchange for money. | (verb) To receive meals and lodging in exchange for money. | (verb) To capture an enemy ship by going alongside and grappling her, then invading her with a boarding party | (verb) To obtain meals, or meals and lodgings, statedly for compensation | (verb) To approach (someone); to make advances to, accost. | (verb) To cover with boards or boarding. | (verb) To hit (someone) with a wooden board. | (verb) To write something on a board, especially a blackboard or whiteboard. | (noun) A rebound."
boat,"(noun) A craft used for transportation of goods, fishing, racing, recreational cruising, or military use on or in the water, propelled by oars or outboard motor or inboard motor or by wind. | (noun) A full house. | (noun) A vehicle, utensil, or dish somewhat resembling a boat in shape. | (noun) One of two possible conformations of cyclohexane rings (the other being chair), shaped roughly like a boat. | (noun) The refugee boats arriving in Australian waters, and by extension, refugees generally. | (verb) To travel by boat. | (verb) To transport in a boat. | (verb) To place in a boat."
body,"(noun) Physical frame. | (noun) Main section. | (noun) Coherent group. | (noun) Material entity. | (noun) The shank of a type, or the depth of the shank (by which the size is indicated). | (noun) A three-dimensional object, such as a cube or cone. | (verb) To give body or shape to something. | (verb) To construct the bodywork of a car. | (verb) To embody. | (verb) To murder someone. | (verb) (by extension) To utterly defeat someone. | (verb) To hard counter a particular character build or play style. Frequently used in the passive voice form, get bodied by."
bone,"(noun) A composite material consisting largely of calcium phosphate and collagen and making up the skeleton of most vertebrates. | (noun) Any of the components of an endoskeleton, made of bone. | (noun) A bone of a fish; a fishbone. | (noun) A bonefish | (noun) One of the rigid parts of a corset that forms its frame, the boning, originally made of whalebone. | (noun) One of the fragments of bone held between the fingers of the hand and rattled together to keep time to music. | (noun) Anything made of bone, such as a bobbin for weaving bone lace. | (noun) The framework of anything. | (noun) An off-white colour, like the colour of bone. | (noun) A dollar. | (noun) The wishbone formation. | (noun) An erect penis; a boner. | (noun) (chiefly in the plural) A domino or dice. | (verb) To prepare (meat, etc) by removing the bone or bones from. | (verb) To fertilize with bone. | (verb) To put whalebone into. | (verb) To make level, using a particular procedure; to survey a level line. | (verb) (usually of a man) To have sexual intercourse with. | (verb) (in Aboriginal culture) To perform ""bone pointing"", a ritual that is intended to bring illness or even death to the victim. | (verb) (usually with ""up"") To study. | (verb) To polish boots to a shiny finish. | (adjective) Of an off-white colour, like the colour of bone. | (verb) To apprehend, steal. | (verb) To sight along an object or set of objects to check whether they are level or in line. | (noun) A musical instrument in the brass family, having a cylindrical bore, and usually a sliding tube (but sometimes piston valves, and rarely both). Most often refers to the tenor trombone, which is the most common type of trombone and has a fundamental tone of B♭ˌ (contra B♭). | (noun) The common European bittern."
book,"(noun) A collection of sheets of paper bound together to hinge at one edge, containing printed or written material, pictures, etc. | (noun) A long work fit for publication, typically prose, such as a novel or textbook, and typically published as such a bound collection of sheets, but now sometimes electronically as an e-book. | (noun) A major division of a long work. | (noun) A record of betting (from the use of a notebook to record what each person has bet). | (noun) A convenient collection, in a form resembling a book, of small paper items for individual use. | (noun) The script of a musical or opera. | (noun) (usually in the plural) Records of the accounts of a business. | (noun) A book award, a recognition for receiving the highest grade in a class (traditionally an actual book, but recently more likely a letter or certificate acknowledging the achievement). | (noun) (whist) Six tricks taken by one side. | (noun) Four of a kind | (noun) A document, held by the referee, of the incidents happened in the game. | (noun) (by extension) A list of all players who have been booked (received a warning) in a game. | (noun) The twenty-sixth Lenormand card. | (noun) Any source of instruction. | (verb) To reserve (something) for future use. | (verb) To write down, to register or record in a book or as in a book. | (verb) (law enforcement) To record the name and other details of a suspected offender and the offence for later judicial action. | (verb) To issue with a caution, usually a yellow card, or a red card if a yellow card has already been issued. | (verb) To travel very fast. | (verb) To record bets as bookmaker. | (verb) (law student slang) To receive the highest grade in a class. | (verb) To leave. | (verb) (with person as subject) To cook (something) in an oven. | (verb) (with baked thing as subject) To be cooked in an oven. | (verb) To be warmed to drying and hardening. | (verb) To dry by heat. | (verb) To be hot. | (verb) To cause to be hot. | (verb) To smoke marijuana. | (verb) To harden by cold. | (verb) To fix (lighting, reflections, etc.) as part of the texture of an object to improve rendering performance. | (verb) (with ""in"" or ""into"") To incorporate into something greater."
border,"(noun) The outer edge of something. | (noun) A decorative strip around the edge of something. | (noun) A strip of ground in which ornamental plants are grown. | (noun) The line or frontier area separating political or geographical regions. | (noun) Border morris or border dancing; a vigorous style of traditional English dance originating from villages along the border between England and Wales, performed by a team of dancers usually with their faces disguised with black makeup. | (noun) A string that is both a prefix and a suffix of another particular string. | (verb) To put a border on something. | (verb) To form a border around; to bound. | (verb) To lie on, or adjacent to, a border of. | (verb) To touch at a border (with on, upon, or with). | (verb) To approach; to come near to; to verge (with on or upon)."
born,"(verb) To carry or convey, literally or figuratively. | (verb) To support, sustain, or endure. | (verb) To support, keep up, or maintain. | (verb) To press or impinge upon. | (verb) To produce, yield, give birth to. | (verb) (originally nautical) To be, or head, in a specific direction or azimuth (from somewhere). | (verb) To gain or win. | (adjective) Having from birth (or as if from birth) a certain quality or character; innate; inherited. | (noun) A physical injury caused by heat, cold, electricity, radiation or caustic chemicals. | (noun) A sensation resembling such an injury. | (noun) The act of burning something with fire. | (noun) An intense non-physical sting, as left by shame or an effective insult. | (noun) An effective insult, often in the expression sick burn (excellent or badass insult). | (noun) Physical sensation in the muscles following strenuous exercise, caused by build-up of lactic acid. | (noun) Tobacco. | (noun) The writing of data to a permanent storage medium like a compact disc or a ROM chip. | (noun) The operation or result of burning or baking, as in brickmaking. | (noun) A disease in vegetables; brand. | (verb) To cause to be consumed by fire. | (verb) To be consumed by fire, or in flames. | (verb) To overheat so as to make unusable. | (verb) To become overheated to the point of being unusable. | (verb) To make or produce by the application of fire or burning heat. | (verb) To injure (a person or animal) with heat or chemicals that produce similar damage. | (verb) To cauterize. | (verb) To sunburn. | (verb) To consume, injure, or change the condition of, as if by action of fire or heat; to affect as fire or heat does. | (verb) To be hot, e.g. due to embarrassment. | (verb) To cause to combine with oxygen or other active agent, with evolution of heat; to consume; to oxidize. | (verb) To combine energetically, with evolution of heat. | (verb) To write data to a permanent storage medium like a compact disc or a ROM chip. | (verb) To betray. | (verb) To insult or defeat. | (verb) To waste (time); to waste money or other resources. | (verb) In certain games, to approach near to a concealed object which is sought. | (verb) To accidentally touch a moving stone. | (verb) In pontoon, to swap a pair of cards for another pair, or to deal a dead card. | (verb) To increase the exposure for certain areas of a print in order to make them lighter (compare dodge). | (verb) (of an element) To be converted to another element in a nuclear fusion reaction, especially in a star | (verb) To discard. | (verb) To shoot someone with a firearm. | (noun) A stream."
boss,"(noun) A person who oversees and directs the work of others; a supervisor. | (noun) A person in charge of a business or company. | (noun) A leader, the head of an organized group or team. | (noun) The head of a political party in a given region or district. | (noun) A term of address to a man. | (noun) An enemy, often at the end of a level, that is particularly challenging and must be beaten in order to progress. | (noun) Wife. | (verb) To exercise authoritative control over; to tell (someone) what to do, often repeatedly. | (adjective) Of excellent quality, first-rate. | (noun) A swelling, lump or protuberance in an animal, person or object. | (noun) A lump-like mass of rock, especially one projecting through a stratum of different rock. | (noun) A convex protuberance in hammered work, especially the rounded projection in the centre of a shield. | (noun) A protrusion, frequently a cylinder of material that extends beyond a hole. | (noun) A knob or projection, usually at the intersection of ribs in a vault. | (noun) A target block, made of foam but historically made of hay bales, to which a target face is attached. | (noun) A wooden vessel for the mortar used in tiling or masonry, hung by a hook from the laths, or from the rounds of a ladder. | (noun) A head or reservoir of water. | (verb) To decorate with bosses; to emboss. | (noun) A hassock or small seat, especially made from a bundle of straw."
both,"(pronoun) Each of the two, or of the two kinds. | (conjunction) Including both of (used with and). | (conjunction) Including all of (used with and)."
bother,"(noun) Fuss, ado. | (noun) Trouble, inconvenience. | (verb) To annoy, to disturb, to irritate. | (verb) To feel care or anxiety; to make or take trouble; to be troublesome. | (verb) To do something which is of negligible inconvenience. | (interjection) A mild expression of annoyance."
bottle,"(noun) A container, typically made of glass or plastic and having a tapered neck, used primarily for holding liquids. | (noun) The contents of such a container. | (noun) A container with a rubber nipple used for giving liquids to infants, a baby bottle. | (noun) Nerve, courage. | (noun) (of a person with a particular hair color) A container of hair dye, hence with one’s hair color produced by dyeing. | (noun) A bundle, especially of hay; something tied in a bundle. | (noun) Intoxicating liquor; alcohol. | (noun) The tendency of pages printed several on a sheet to rotate slightly when the sheet is folded two or more times. | (verb) To seal (a liquid) into a bottle for later consumption. Also fig. | (verb) To feed (an infant) baby formula. | (verb) To refrain from doing (something) at the last moment because of a sudden loss of courage. | (verb) To throw away a leading position. | (verb) To strike (someone) with a bottle. | (verb) To pelt (a musical act on stage, etc.) with bottles as a sign of disapproval. | (noun) A dwelling; habitation. | (noun) A building; house."
bottom,"(noun) The lowest part of anything. | (noun) Character, reliability, staying power, dignity, integrity or sound judgment. | (noun) Low-lying land; a valley or hollow. | (noun) The buttocks or anus. | (noun) A cargo vessel, a ship. | (noun) Certain parts of a vessel, particularly the cargo hold or the portion of the ship that is always underwater. | (noun) The second half of an inning, the home team's turn at bat. | (noun) (BDSM) A submissive in sadomasochistic sexual activity. | (noun) A person with a preference for being penetrated during sexual intercourse. | (noun) A bottom quark. | (noun) The lowest part of a container. | (noun) A ball or skein of thread; a cocoon. | (noun) The bed of a body of water, as of a river, lake, or sea. | (noun) An abyss. | (noun) Power of endurance. | (noun) Dregs or grounds; lees; sediment. | (noun) (usually: bottoms or bottomland) Low-lying land near a river with alluvial soil. | (verb) To furnish (something) with a bottom. | (verb) To wind (like a ball of thread etc.). | (verb) To establish or found (something) on or upon. | (verb) (chiefly in passive) To lie on the bottom of; to underlie, to lie beneath. | (verb) To be based or grounded. | (verb) To reach or strike against the bottom of something, so as to impede free action. | (verb) To reach the bottom of something. | (verb) To fall to the lowest point. | (verb) To be the more passive or receiving partner in a sexual act or relationship; to be submissive in a BDSM relationship; to be anally penetrated in gay sex. | (adjective) The lowest or last place or position."
boundary,"(noun) The dividing line or location between two areas. | (noun) (often in the plural) The bounds, confines, or limits between immaterial things (such as one’s comfort zone, privacy, or professional sphere and the realm beyond). | (noun) An edge or line marking an edge of the playing field. | (noun) An event whereby the ball is struck and either touches or passes over a boundary (with or without bouncing), usually resulting in an award of 4 (four) or 6 (six) runs respectively for the batting team. | (noun) (of a set) The set of points in the closure of a set S, not belonging to the interior of that set."
box,"(noun) Senses relating to a three-dimensional object or space. | (noun) Senses relating to a two-dimensional object or space | (verb) To place inside a box; to pack in one or more boxes. | (verb) Usually followed by in: to surround and enclose in a way that restricts movement; to corner, to hem in. | (verb) To mix two containers of paint of similar colour to ensure that the color is identical. | (verb) To make an incision or hole in (a tree) for the purpose of procuring the sap. | (verb) To enclose with boarding, lathing, etc., so as to conceal (for example, pipes) or to bring to a required form. | (verb) To furnish (for example, the axle of a wheel) with a box. | (verb) To enclose (images, text, etc.) in a box. | (verb) To place a value of a primitive type into a corresponding object. | (noun) Any of various evergreen shrubs or trees of the genus Buxus, especially the common box, European box, or boxwood (Buxus sempervirens) which is often used for making hedges and topiary. | (noun) The wood from a box tree: boxwood. | (noun) A musical instrument, especially one made from boxwood. | (noun) An evergreen tree of the genus Lophostemon (for example, the box scrub, Brisbane box, brush box, pink box, or Queensland box, Lophostemon confertus). | (noun) Various species of Eucalyptus trees are popularly called various kinds of boxes, on the basis of the nature of their wood, bark, or appearance for example, the drooping (Eucalyptus bicolor), shiny-leaved (Eucalyptus tereticornis), black, or ironbark box trees. | (noun) A blow with the fist. | (verb) To strike with the fists; to punch. | (verb) To fight against (a person) in a boxing match. | (verb) To participate in boxing; to be a boxer. | (noun) A Mediterranean food fish of the genus Boops, which is a variety of sea bream; a bogue or oxeye."
boy,"(noun) A young male. | (noun) (diminutive) A male child: a son of any age. | (noun) (diminutive) A male of any age, particularly one rather younger than the speaker. | (noun) A male of low station, (especially as pejorative) a worthless male, a wretch; a mean and dishonest male, a knave. | (noun) (now rare and usually offensive outside some Commonwealth nations) A male servant, slave, assistant, or employee, particularly: | (noun) Any non-white male, regardless of age. | (noun) A male animal, especially, in affectionate address, a male dog. | (noun) A former low rank of various armed services; a holder of this rank. | (noun) Heroin. | (noun) (somewhat childish) A male (tree, gene, etc). | (verb) To use the word “boy” to refer to someone. | (verb) To act as a boy (in allusion to the former practice of boys acting women's parts on the stage). | (interjection) Exclamation of surprise, pleasure or longing."
brain,"(noun) The control center of the central nervous system of an animal located in the skull which is responsible for perception, cognition, attention, memory, emotion, and action. | (noun) An intelligent person. | (noun) (in the plural) Intellect. | (noun) By analogy with a human brain, the part of a machine or computer that performs calculations. | (noun) Oral sex. | (noun) Mind. | (verb) To dash out the brains of; to kill by smashing the skull. | (verb) To strike (someone) on the head. | (verb) To destroy; to put an end to. | (verb) To conceive in the mind; to understand."
branch,"(noun) The woody part of a tree arising from the trunk and usually dividing. | (noun) Any of the parts of something that divides like the branch of a tree. | (noun) A creek or stream which flows into a larger river. (compare Ohio, Pennsylvania and West Virginia run, and New York and New England brook.) | (noun) One of the portions of a curve that extends outwards to an indefinitely great distance. | (noun) A location of an organization with several locations. | (noun) A line of family descent, in distinction from some other line or lines from the same stock; any descendant in such a line. | (noun) A local congregation of the LDS Church that is not large enough to form a ward; see Wikipedia article on ward in LDS church. | (noun) An area in business or of knowledge, research. | (noun) A certificate given by Trinity House to a pilot qualified to take navigational control of a ship in British waters. | (noun) A sequence of code that is conditionally executed. | (noun) A group of related files in a source control system, including for example source code, build scripts, and media such as images. | (noun) A branch line. | (verb) To arise from the trunk or a larger branch of a tree. | (verb) To produce branches. | (verb) To (cause to) divide into separate parts or subdivisions. | (verb) To jump to a different location in a program, especially as the result of a conditional statement. | (verb) To discipline (a union member) at a branch meeting."
brass,"(noun) A metallic alloy of copper and zinc used in many industrial and plumbing applications. | (noun) A class of wind instruments, usually made of metal (such as brass), that use vibrations of the player's lips to produce sound; the section of an orchestra that features such instruments | (noun) Spent shell casings (usually made of brass); the part of the cartridge left over after bullets have been fired. | (noun) The colour of brass. | (noun) (used as a singular or plural noun, metonym) High-ranking officers. | (noun) A brave or foolhardy attitude; impudence. | (noun) Money. | (noun) Inferior composition. | (verb) To coat with brass. | (adjective) Made of brass, of or pertaining to brass. | (adjective) Of the colour of brass. | (adjective) Impertinent, bold: brazen. | (adjective) Bad, annoying; as wordplay applied especially to brass instruments. | (adjective) Of inferior composition. | (noun) Brass in pocket; money. | (noun) A brass nail; a prostitute. | (adjective) Brass monkey; cold."
bread,"(noun) A foodstuff made by baking dough made from cereals. | (noun) Any variety of bread. | (noun) Money. | (noun) Food; sustenance; support of life, in general. | (verb) To coat with breadcrumbs | (noun) Breadth. | (verb) To make broad; spread. | (noun) A piece of embroidery; a braid. | (verb) To form in meshes; net."
break,"(noun) An instance of breaking something into two or more pieces. | (noun) A physical space that opens up in something or between two things. | (noun) A rest or pause, usually from work. | (noun) A time for students to talk or play. | (noun) A short holiday. | (noun) A temporary split with a romantic partner. | (noun) An interval or intermission between two parts of a performance, for example a theatre show, broadcast, or sports game. | (noun) A significant change in circumstance, attitude, perception, or focus of attention. | (noun) The beginning (of the morning). | (noun) An act of escaping. | (noun) The separation between lines, paragraphs or pages of a written text. | (noun) A keystroke or other signal that causes a program to terminate or suspend execution. | (noun) A point or condition in a program at which operation may be suspended during debugging so that the state of the program at that point can be investigated. A breakpoint. | (noun) A change, particularly the end of a spell of persistent good or bad weather. | (noun) : | (noun) A large four-wheeled carriage, having a straight body and calash top, with the driver's seat in front and the footman's behind. | (noun) (equitation) A sharp bit or snaffle. | (noun) A short section of music, often between verses, in which some performers stop while others continue. | (noun) The point in the musical scale at which a woodwind instrument is designed to overblow, that is, to move from its lower to its upper register. | (noun) Usu. plural An area along a river that features steep banks, bluffs, or gorges (e.g., Upper Missouri River Breaks National Monument, US). | (verb) To separate into two or more pieces, to fracture or crack, by a process that cannot easily be reversed for reassembly. | (verb) To divide (something, often money) into smaller units. | (verb) To cause (a person or animal) to lose spirit or will; to crush the spirits of. | (verb) To be crushed, or overwhelmed with sorrow or grief. | (verb) To interrupt; to destroy the continuity of; to dissolve or terminate. | (verb) To ruin financially. | (verb) To violate, to not adhere to. | (verb) (of a fever) To pass the most dangerous part of the illness; to go down, in terms of temperature. | (verb) (of a spell of settled weather) To end. | (verb) (of a storm) To begin; to end. | (verb) (of morning, dawn, day etc.) To arrive. | (verb) To render (a game) unchallenging by altering its rules or exploiting loopholes or weaknesses in them in a way that gives a player an unfair advantage. | (verb) To stop, or to cause to stop, functioning properly or altogether. | (verb) To cause (a barrier) to no longer bar. | (verb) To destroy the arrangement of; to throw into disorder; to pierce. | (verb) (of a wave of water) To collapse into surf, after arriving in shallow water. | (verb) To burst forth; to make its way; to come into view. | (verb) To interrupt or cease one's work or occupation temporarily. | (verb) To interrupt (a fall) by inserting something so that the falling object does not (immediately) hit something else beneath. | (verb) To disclose or make known an item of news, etc. | (verb) (of a sound) To become audible suddenly. | (verb) To change a steady state abruptly. | (verb) To suddenly become. | (verb) Of a male voice, to become deeper at puberty. | (verb) Of a voice, to alter in type due to emotion or strain: in men generally to go up, in women sometimes to go down; to crack. | (verb) To surpass or do better than (a specific number), to do better than (a record), setting a new record. | (verb) : | (verb) (most often in the passive tense) To demote, to reduce the military rank of. | (verb) To end (a connection), to disconnect. | (verb) (of an emulsion) To demulsify. | (verb) To counter-attack | (verb) To lay open, as a purpose; to disclose, divulge, or communicate. | (verb) To become weakened in constitution or faculties; to lose health or strength. | (verb) To fail in business; to become bankrupt. | (verb) To destroy the strength, firmness, or consistency of. | (verb) To destroy the official character and standing of; to cashier; to dismiss. | (verb) To make an abrupt or sudden change; to change the gait. | (verb) To fall out; to terminate friendship. | (verb) To terminate the execution of a program before normal completion. | (verb) To suspend the execution of a program during debugging so that the state of the program can be investigated. | (noun) A section of extended repetition of the percussion break to a song, created by a hip-hop DJ as rhythmic dance music."
breakfast,"(noun) The first meal of the day, usually eaten in the morning. | (noun) (by extension) A meal consisting of food normally eaten in the morning, which may typically include eggs, sausages, toast, bacon, etc. | (noun) The celebratory meal served after a wedding (and occasionally after other solemnities e.g. a funeral). | (noun) (largely obsolete outside religion) A meal eaten after a period of (now often religious) fasting. | (verb) To eat the morning meal. | (verb) To serve breakfast to."
breath,"(noun) The act or process of breathing. | (noun) A single act of breathing in or out; a breathing of air. | (noun) Air expelled from the lungs. | (noun) A rest or pause. | (noun) A small amount of something, such as wind, or common sense. | (noun) Fragrance; exhalation; odor; perfume. | (noun) Gentle exercise, causing a quicker respiration."
breathe,"(verb) To draw air into (inhale), and expel air from (exhale), the lungs in order to extract oxygen and excrete waste gases. | (verb) To take in needed gases and expel waste gases in a similar way. | (verb) To inhale (a gas) to sustain life. | (verb) To live. | (verb) To draw something into the lungs. | (verb) To expel air from the lungs, exhale. | (verb) To exhale or expel (something) in the manner of breath. | (verb) To give an impression of, to exude. | (verb) To whisper quietly. | (verb) To pass like breath; noiselessly or gently; to emanate; to blow gently. | (verb) To exchange gases with the environment. | (verb) To rest; to stop and catch one's breath. | (verb) To stop, to give (a horse) an opportunity to catch its breath. | (verb) To exercise; to tire by brisk exercise. | (verb) To passionately devote much of one's life to (an activity, etc.)."
bridge,"(noun) A construction or natural feature that spans a divide. | (noun) An arch or superstructure. | (noun) A connection, real or abstract. | (noun) Any of several electrical devices that measure characteristics such as impedance and inductance by balancing different parts of a circuit | (noun) A low wall or vertical partition in the fire chamber of a furnace, for deflecting flame, etc.; a bridge wall. | (noun) The situation where a lone rider or small group of riders closes the space between them and the rider or group in front. | (noun) A solid crust of undissolved salt in a water softener. | (verb) To be or make a bridge over something. | (verb) To span as if with a bridge. | (verb) To transition from one piece or section of music to another without stopping. | (verb) (communication) To connect two or more computer buses, networks etc. with a bridge. | (verb) To go to the bridge position. | (noun) A card game played with four players playing as two teams of two players each."
brief,"(noun) A writ summoning one to answer to any action. | (noun) An answer to any action. | (noun) A memorandum of points of fact or of law for use in conducting a case. | (noun) (by extension) A position of interest or advocacy. | (noun) An attorney's legal argument in written form for submission to a court. | (noun) (English law) The material relevant to a case, delivered by a solicitor to the barrister who tries the case. | (noun) A short news story or report. | (noun) (usually in the plural) undershorts briefs. | (noun) A summary, précis or epitome; an abridgement or abstract. | (noun) A letter patent, from proper authority, authorizing a collection or charitable contribution of money in churches, for any public or private purpose. | (noun) (slang) A ticket of any type. | (verb) To summarize a recent development to some person with decision-making power. | (verb) To write a legal argument and submit it to a court. | (adjective) Of short duration; happening quickly. | (adjective) Concise; taking few words. | (adjective) Occupying a small distance, area or spatial extent; short. | (adjective) Rife; common; prevalent. | (adverb) Briefly. | (adverb) Soon; quickly."
bright,"(noun) An artist's brush used in oil and acrylic painting with a long ferrule and a flat, somewhat tapering bristle head. | (noun) Splendour; brightness | (noun) A person with a naturalistic worldview with no supernatural or mystical elements. | (noun) (in the plural) The high-beam intensity of motor vehicle headlamps. | (adjective) Visually dazzling; luminous, lucent, clear, radiant; not dark. | (adjective) Having a clear, quick intellect; intelligent. | (adjective) Vivid, colourful, brilliant. | (adjective) Happy, in good spirits. | (adjective) Sparkling with wit; lively; vivacious; cheerful. | (adjective) Illustrious; glorious. | (adjective) Clear; transparent. | (adjective) Manifest to the mind, as light is to the eyes; clear; evident; plain."
bring,"(verb) (ditransitive) To transport toward somebody/somewhere. | (verb) To supply or contribute. | (verb) To occasion or bring about. | (verb) To raise (a lawsuit, charges, etc.) against somebody. | (verb) To persuade; to induce; to draw; to lead; to guide. | (verb) To produce in exchange; to sell for; to fetch. | (verb) To pitch, often referring to a particularly hard thrown fastball. | (interjection) The sound of a telephone ringing."
broad,"(noun) A shallow lake, one of a number of bodies of water in eastern Norfolk and Suffolk. | (noun) A lathe tool for turning down the insides and bottoms of cylinders. | (noun) A British gold coin worth 20 shillings, issued by the Commonwealth of England in 1656. | (adjective) Wide in extent or scope. | (adjective) Extended, in the sense of diffused; open; clear; full. | (adjective) Having a large measure of any thing or quality; unlimited; unrestrained. | (adjective) Comprehensive; liberal; enlarged. | (adjective) Plain; evident. | (adjective) (writing) Unsubtle; obvious. | (adjective) Free; unrestrained; unconfined. | (adjective) Gross; coarse; indelicate. | (adjective) (of an accent) Strongly regional. | (adjective) (Gaelic languages) Velarized, i.e. not palatalized. | (noun) A prostitute, a woman of loose morals. | (noun) (sometimes obsolete) A woman or girl."
broken,"(verb) To separate into two or more pieces, to fracture or crack, by a process that cannot easily be reversed for reassembly. | (verb) To divide (something, often money) into smaller units. | (verb) To cause (a person or animal) to lose spirit or will; to crush the spirits of. | (verb) To be crushed, or overwhelmed with sorrow or grief. | (verb) To interrupt; to destroy the continuity of; to dissolve or terminate. | (verb) To ruin financially. | (verb) To violate, to not adhere to. | (verb) (of a fever) To pass the most dangerous part of the illness; to go down, in terms of temperature. | (verb) (of a spell of settled weather) To end. | (verb) (of a storm) To begin; to end. | (verb) (of morning, dawn, day etc.) To arrive. | (verb) To render (a game) unchallenging by altering its rules or exploiting loopholes or weaknesses in them in a way that gives a player an unfair advantage. | (verb) To stop, or to cause to stop, functioning properly or altogether. | (verb) To cause (a barrier) to no longer bar. | (verb) To destroy the arrangement of; to throw into disorder; to pierce. | (verb) (of a wave of water) To collapse into surf, after arriving in shallow water. | (verb) To burst forth; to make its way; to come into view. | (verb) To interrupt or cease one's work or occupation temporarily. | (verb) To interrupt (a fall) by inserting something so that the falling object does not (immediately) hit something else beneath. | (verb) To disclose or make known an item of news, etc. | (verb) (of a sound) To become audible suddenly. | (verb) To change a steady state abruptly. | (verb) To suddenly become. | (verb) Of a male voice, to become deeper at puberty. | (verb) Of a voice, to alter in type due to emotion or strain: in men generally to go up, in women sometimes to go down; to crack. | (verb) To surpass or do better than (a specific number), to do better than (a record), setting a new record. | (verb) : | (verb) (most often in the passive tense) To demote, to reduce the military rank of. | (verb) To end (a connection), to disconnect. | (verb) (of an emulsion) To demulsify. | (verb) To counter-attack | (verb) To lay open, as a purpose; to disclose, divulge, or communicate. | (verb) To become weakened in constitution or faculties; to lose health or strength. | (verb) To fail in business; to become bankrupt. | (verb) To destroy the strength, firmness, or consistency of. | (verb) To destroy the official character and standing of; to cashier; to dismiss. | (verb) To make an abrupt or sudden change; to change the gait. | (verb) To fall out; to terminate friendship. | (verb) To terminate the execution of a program before normal completion. | (verb) To suspend the execution of a program during debugging so that the state of the program can be investigated. | (adjective) Fragmented, in separate pieces. | (adjective) (of a promise, etc) Breached; violated; not kept. | (adjective) Non-functional; not functioning properly. | (adjective) (of a person) Completely defeated and dispirited; shattered; destroyed. | (adjective) Having no money; bankrupt, broke. | (adjective) (of land) Uneven. | (adjective) (of a tactic or option) Overpowered; overly powerful; too powerful."
brother,"(noun) Son of the same parents as another person. | (noun) A male having at least one parent in common with another (see half-brother, stepbrother). | (noun) A male fellow member of a religious community, church, trades union etc. | (noun) A form of address to a man. | (noun) A black male. | (noun) Somebody, usually male, connected by a common cause or situation. | (noun) Someone who is a peer, whether male or female. | (verb) To treat as a brother. | (interjection) Expressing exasperation."
brown,"(noun) A colour like that of chocolate or coffee. | (noun) One of the colour balls used in snooker, with a value of 4 points. | (noun) Black tar heroin. | (noun) A copper coin. | (noun) A brown horse or other animal. | (noun) (sometimes capitalised) A person of Middle Eastern, Latino or South Asian descent; a brown-skinned person; someone of mulatto or biracial appearance. | (noun) Any of various nymphalid butterflies of subfamily Satyrinae (formerly the family Satyridae). | (noun) Any of certain species of nymphalid butterflies of subfamily Satyrinae, such as those of the genera Heteronympha and Melanitis. | (noun) A brown trout (Salmo trutta). | (verb) To become brown. | (verb) To cook something until it becomes brown. | (verb) To tan. | (verb) To make brown or dusky. | (verb) To give a bright brown colour to, as to gun barrels, by forming a thin coating of oxide on their surface. | (verb) (usually derogatory) To turn progressively more Middle Eastern, Hispanic or Latino, in the context of the population of a geographic region. | (verb) To treat with deference, or respect. | (adjective) Having a brown colour. | (adjective) Gloomy. | (adjective) (sometimes capitalized) Of or relating to any of various ethnic groups having dark pigmentation of the skin."
brush,"(noun) An implement consisting of multiple more or less flexible bristles or other filaments attached to a handle, used for any of various purposes including cleaning, painting, and arranging hair. | (noun) The act of brushing something. | (noun) A piece of conductive material, usually carbon, serving to maintain electrical contact between the stationary and rotating parts of a machine. | (noun) A brush-like electrical discharge of sparks. | (noun) Wild vegetation, generally larger than grass but smaller than trees. | (noun) A short and sometimes occasional encounter or experience. | (noun) The furry tail of an animal, especially of a fox. | (noun) A tuft of hair on the mandibles. | (noun) A short contest, or trial, of speed. | (noun) An instrument, resembling a brush, used to produce a soft sound from drums or cymbals. | (noun) An on-screen tool for ""painting"" a particular colour or texture. | (noun) A set of defined design and parameters that produce drawn strokes of a certain texture and quality. | (noun) In 3D video games, a convex polyhedron, especially one that defines structure of the play area. | (noun) The floorperson of a poker room, usually in a casino. | (noun) (North Wisconsin) Evergreen boughs, especially balsam, locally cut and baled for export, usually for use in making wreaths. | (verb) To clean with a brush. | (verb) To untangle or arrange with a brush. | (verb) To apply with a brush. | (verb) To remove with a sweeping motion. | (verb) To touch with a sweeping motion, or lightly in passing. | (verb) To clean one's teeth by brushing them."
budget,"(noun) The amount of money or resources earmarked for a particular institution, activity or time-frame. | (noun) An itemized summary of intended expenditure; usually coupled with expected revenue. | (noun) A wallet, purse or bag. | (noun) A compact collection of things. | (noun) A socket in which the end of a cavalry carbine rests. | (verb) To construct or draw up a budget. | (verb) To provide funds, allow for in a budget. | (verb) To plan for the use of in a budget. | (adjective) Of or relating to a budget. | (adjective) Appropriate to a restricted budget."
build,"(noun) The physique of a human body; constitution or structure of a human body. | (noun) Any of various versions of a software product as it is being developed for release to users. | (noun) Any structure, such as a building, statue, pool or forest, created by the player. | (verb) To form (something) by combining materials or parts. | (verb) To develop or give form to (something) according to a plan or process. | (verb) To increase or strengthen (something) by adding gradually to. | (verb) To establish a basis for (something). | (verb) To form by combining materials or parts. | (verb) To develop in magnitude or extent. | (verb) To construct (software) by compiling its source code. | (verb) (of source code) To be converted into software by compilation, usually with minimal human intervention."
building,"(noun) The act or process by which something is built; construction. | (noun) A closed structure with walls and a roof. | (verb) To form (something) by combining materials or parts. | (verb) To develop or give form to (something) according to a plan or process. | (verb) To increase or strengthen (something) by adding gradually to. | (verb) To establish a basis for (something). | (verb) To form by combining materials or parts. | (verb) To develop in magnitude or extent. | (verb) To construct (software) by compiling its source code. | (verb) (of source code) To be converted into software by compilation, usually with minimal human intervention."
bunch,"(noun) A group of similar things, either growing together, or in a cluster or clump, usually fastened together. | (noun) The peloton; the main group of riders formed during a race. | (noun) An informal body of friends. | (noun) A considerable amount. | (noun) An unmentioned amount; a number. | (noun) A group of logs tied together for skidding. | (noun) An unusual concentration of ore in a lode or a small, discontinuous occurrence or patch of ore in the wallrock. | (noun) The reserve yarn on the filling bobbin to allow continuous weaving between the time of indication from the midget feeler until a new bobbin is put in the shuttle. | (noun) An unfinished cigar, before the wrapper leaf is added. | (noun) A protuberance; a hunch; a knob or lump; a hump. | (verb) To gather into a bunch. | (verb) To gather fabric into folds. | (verb) To form a bunch. | (verb) To be gathered together in folds | (verb) To protrude or swell"
burn,"(noun) A physical injury caused by heat, cold, electricity, radiation or caustic chemicals. | (noun) A sensation resembling such an injury. | (noun) The act of burning something with fire. | (noun) An intense non-physical sting, as left by shame or an effective insult. | (noun) An effective insult, often in the expression sick burn (excellent or badass insult). | (noun) Physical sensation in the muscles following strenuous exercise, caused by build-up of lactic acid. | (noun) Tobacco. | (noun) The writing of data to a permanent storage medium like a compact disc or a ROM chip. | (noun) The operation or result of burning or baking, as in brickmaking. | (noun) A disease in vegetables; brand. | (verb) To cause to be consumed by fire. | (verb) To be consumed by fire, or in flames. | (verb) To overheat so as to make unusable. | (verb) To become overheated to the point of being unusable. | (verb) To make or produce by the application of fire or burning heat. | (verb) To injure (a person or animal) with heat or chemicals that produce similar damage. | (verb) To cauterize. | (verb) To sunburn. | (verb) To consume, injure, or change the condition of, as if by action of fire or heat; to affect as fire or heat does. | (verb) To be hot, e.g. due to embarrassment. | (verb) To cause to combine with oxygen or other active agent, with evolution of heat; to consume; to oxidize. | (verb) To combine energetically, with evolution of heat. | (verb) To write data to a permanent storage medium like a compact disc or a ROM chip. | (verb) To betray. | (verb) To insult or defeat. | (verb) To waste (time); to waste money or other resources. | (verb) In certain games, to approach near to a concealed object which is sought. | (verb) To accidentally touch a moving stone. | (verb) In pontoon, to swap a pair of cards for another pair, or to deal a dead card. | (verb) To increase the exposure for certain areas of a print in order to make them lighter (compare dodge). | (verb) (of an element) To be converted to another element in a nuclear fusion reaction, especially in a star | (verb) To discard. | (verb) To shoot someone with a firearm. | (noun) A stream."
bus,"(noun) A motor vehicle for transporting large numbers of people along roads. | (noun) An electrical conductor or interface serving as a common connection for two or more circuits or components. | (noun) (medical industry) An ambulance. | (verb) To transport via a motor bus. | (verb) To transport students to school, often to a more distant school for the purposes of achieving racial integration. | (verb) To travel by bus. | (verb) (food service) To clear meal remains from. | (verb) (food service) To work at clearing the remains of meals from tables or counters; to work as a busboy."
business,"(noun) A specific commercial enterprise or establishment. | (noun) A person's occupation, work, or trade. | (noun) Commercial, industrial, or professional activity. | (noun) The volume or amount of commercial trade. | (noun) One's dealings; patronage. | (noun) Private commercial interests taken collectively. | (noun) The management of commercial enterprises, or the study of such management. | (noun) A particular situation or activity. | (noun) Any activity or objective needing to be dealt with; especially, one of a financial or legal matter. | (noun) Something involving one personally. | (noun) (parliamentary procedure) Matters that come before a body for deliberation or action. | (noun) (travel) Business class, the class of seating provided by airlines between first class and coach. | (noun) Action carried out with a prop or piece of clothing, usually away from the focus of the scene. | (noun) The collective noun for a group of ferrets. | (noun) Something very good; top quality. (possibly from ""the bee's knees"") | (noun) Excrement, particularly that of a non-human animal. | (adjective) Of, to, pertaining to or utilized for purposes of conducting trade, commerce, governance, advocacy or other professional purposes. | (adjective) Professional, businesslike, having concern for good business practice. | (adjective) Supporting business, conducive to the conduct of business."
busy,(noun) A police officer. | (verb) To make somebody busy or active; to occupy. | (verb) To rush somebody. | (adjective) Crowded with business or activities; having a great deal going on. | (adjective) Engaged in activity or by someone else. | (adjective) Having a lot going on; complicated or intricate. | (adjective) Officious; meddling.
but,"(noun) An instance or example of using the word ""but"". | (noun) The outer room of a small two-room cottage. | (noun) A limit; a boundary. | (noun) The end; especially the larger or thicker end, or the blunt, in distinction from the sharp, end; the butt. | (verb) Use the word ""but"". | (adverb) Merely, only, just. | (adverb) Though, however. | (adverb) Used as an intensifier. | (preposition) Apart from, except (for), excluding. | (preposition) (obsolete outside Scotland) Outside of. | (conjunction) On the contrary, rather (as a regular adversative conjunction, introducing a word or clause in contrast or contradiction with the preceding negative clause or sentence). | (conjunction) However, although, nevertheless, on the other hand (introducing a clause contrary to prior belief or in contrast with the preceding clause or sentence). | (conjunction) Except that (introducing a subordinate clause which qualifies a negative statement); also, with omission of the subject of the subordinate clause, acting as a negative relative, ""except one that"", ""except such that"". | (conjunction) Without its also being the case that; unless that (introducing a necessary concomitant). | (conjunction) Except with; unless with; without. | (conjunction) Only; solely; merely. | (conjunction) Until. | (conjunction) (following a negated expression of improbability) That."
buy,"(noun) Something which is bought; a purchase. | (verb) To obtain (something) in exchange for money or goods | (verb) To obtain by some sacrifice. | (verb) To bribe. | (verb) To be equivalent to in value. | (verb) To accept as true; to believe | (verb) To make a purchase or purchases, to treat (for a meal) | (verb) To make a bluff, usually a large one."
by,"(noun) A flying insect, of the clade Anthophila within the hymenopteran superfamily Apoidea, known for its organised societies (though only a minority have them), for collecting pollen and (in some species) producing wax and honey. | (noun) A contest, especially for spelling; see spelling bee. | (noun) A community gathering to share labour, e.g. a sewing bee or a quilting bee. | (noun) A ring or torque; a bracelet. | (noun) The name of the Latin-script letter B. | (noun) (usually in the plural) Any of the pieces of hard wood bolted to the sides of the bowsprit, to reeve the fore-topmast stays through. | (adjective) Out of the way, subsidiary. | (adverb) Along a path which runs past the speaker. | (adverb) In the vicinity, near. | (adverb) To or at a place, as a residence or place of business. | (adverb) Aside, away. | (preposition) Near or next to. | (preposition) From one side of something to the other, passing close by; past. | (preposition) Not later than (the given time); not later than the end of (the given time interval). | (preposition) Indicates the person or thing that does or causes something: Through the action or presence of. | (preposition) Indicates the creator of a work: Existing through the authorship etc. of. | (preposition) Indicates a means of achieving something: Involving/using the means of. | (preposition) Indicates an authority according to which something is done. | (preposition) Indicates a means of classification or organisation. | (preposition) Indicates the amount of change, difference or discrepancy | (preposition) In the formulae X by X and by Xs, indicates a steady progression, one X after another. | (preposition) Indicates a referenced source: According to. | (preposition) Used to separate dimensions when describing the size of something. | (preposition) (horse breeding) Designates a horse's male parent (sire); cf. out of. | (noun) The position of a person or team in a tournament or competition who draws no opponent in a particular round so advances to the next round unopposed, or is awarded points for a win in a league table; also the phantom opponent of such a person or team. | (noun) An extra scored when the batsmen take runs after the ball has passed the striker without hitting either the bat or the batsman. | (noun) A dwelling. | (noun) A thing not directly aimed at; something which is a secondary object of regard; an object by the way, etc. | (noun) A pass. | (interjection) Goodbye."
cabinet,"(noun) A storage closet either separate from, or built into, a wall. | (noun) A cupboard. | (noun) The upright assembly that houses a coin-operated arcade game, a cab. | (noun) A size of photograph, specifically one measuring 3⅞"" by 5½"". | (noun) A group of advisors to a government or business entity. | (noun) (often capitalized) In parliamentary and some other systems of government, the group of ministers responsible for creating government policy and for overseeing the departments comprising the executive branch. | (noun) A small chamber or private room. | (noun) (often capitalized) A collection of art or ethnographic objects. | (noun) (Rhode Island) Milkshake. | (noun) A hut; a cottage; a small house. | (noun) An enclosure for mechanical or electrical equipment."
cake,"(noun) A rich, sweet dessert food, typically made of flour, sugar and eggs and baked in an oven, and often covered in icing. | (noun) A small mass of baked dough, especially a thin loaf from unleavened dough. | (noun) A thin wafer-shaped mass of fried batter; a griddlecake or pancake. | (noun) A block of any of various dense materials. | (noun) A trivially easy task or responsibility; from a piece of cake. | (noun) Money. | (noun) Used to describe the doctrine of having one's cake and eating it too. | (noun) A buttock, especially one that is exceptionally plump. | (verb) Coat (something) with a crust of solid material. | (verb) To form into a cake, or mass. | (verb) To cackle like a goose."
call,"(noun) A telephone conversation. | (noun) A short visit, usually for social purposes. | (noun) A visit by a ship or boat to a port. | (noun) A cry or shout. | (noun) A decision or judgement. | (noun) The characteristic cry of a bird or other animal. | (noun) A beckoning or summoning. | (noun) The right to speak at a given time during a debate or other public event; the floor. | (noun) An option to buy stock at a specified price during or at a specified time. | (noun) The act of calling to the other batsman. | (noun) The state of being the batsman whose role it is to call (depends on where the ball goes.) | (noun) A work shift which requires one to be available when requested (see on call). | (noun) The act of jumping to a subprogram, saving the means to return to the original point. | (noun) A statement of a particular state, or rule, made in many games such as bridge, craps, jacks, and so on. | (noun) The act of matching a bet made by a player who has previously bet in the same round of betting. | (noun) A note blown on the horn to encourage the dogs in a hunt. | (noun) A whistle or pipe, used by the boatswain and his mate to summon the sailors to duty. | (noun) A pipe or other instrument to call birds or animals by imitating their note or cry. A game call. | (noun) An invitation to take charge of or serve a church as its pastor. | (noun) Vocation; employment; calling. | (noun) A reference to, or statement of, an object, course, distance, or other matter of description in a survey or grant requiring or calling for a corresponding object, etc., on the land. | (noun) (prostitution) A meeting with a client for paid sex; hookup; job. | (verb) (heading) To use one's voice. | (verb) (heading) To visit. | (verb) (heading) To name, identify or describe. | (verb) (heading) Direct or indirect use of the voice. | (verb) (sometimes with for) To require, demand. | (verb) To announce the early extinction of a debt by prepayment, usually at a premium. | (verb) To demand repayment of a loan. | (verb) To jump to (another part of a program) to perform some operation, returning to the original point on completion."
calm,"(noun) (in a person) The state of being calm; peacefulness; absence of worry, anger, fear or other strong negative emotion. | (noun) (in a place or situation) The state of being calm; absence of noise and disturbance. | (noun) A period of time without wind. | (verb) To make calm. | (verb) To become calm. | (adjective) (of a person) Peaceful, quiet, especially free from anger and anxiety. | (adjective) (of a place or situation) Free of noise and disturbance. | (adjective) (of water) with few or no waves on the surface; not rippled. | (adjective) Without wind or storm."
camera,"(noun) A device for taking still or moving pictures or photographs. | (noun) The viewpoint in a three-dimensional game or simulation. | (noun) A vaulted room. | (noun) The judge's private chamber, where cases may be heard in camera."
camp,"(noun) An outdoor place acting as temporary accommodation in tents or other temporary structures. | (noun) An organised event, often taking place in tents or temporary accommodation. | (noun) A base of a military group, not necessarily temporary. | (noun) A single hut or shelter. | (noun) The company or body of persons encamped. | (noun) A group of people with the same strong ideals or political leanings. | (noun) Campus | (noun) A summer camp. | (noun) A prison. | (noun) A mound of earth in which potatoes and other vegetables are stored for protection against frost | (noun) Conflict; battle. | (noun) An ancient game of football, played in some parts of England. | (verb) To live in a tent or similar temporary accommodation. | (verb) To set up a camp. | (verb) To afford rest or lodging for. | (verb) To stay in an advantageous location in a video game, such as next to a power-up's spawning point or in order to guard an area. | (verb) To fight; contend in battle or in any kind of contest; to strive with others in doing anything; compete. | (verb) To wrangle; argue. | (noun) An affected, exaggerated or intentionally tasteless style. | (adjective) Theatrical; making exaggerated gestures. | (adjective) (of a man) Ostentatiously effeminate. | (adjective) Intentionally tasteless or vulgar, self-parodying."
campaign,"(noun) A series of operations undertaken to achieve a set goal. | (noun) The period during which a blast furnace is continuously in operation. | (noun) An open field; a large, open plain without considerable hills; a champaign. | (noun) An excursion into the countryside. | (verb) To take part in a campaign. | (verb) Consistently ride in races for a racing season."
can,"(verb) (auxiliary verb, defective) To know how to; to be able to. | (verb) (modal auxiliary verb, defective) May; to be permitted or enabled to. | (verb) (modal auxiliary verb, defective) To have the potential to; be possible. | (verb) (auxiliary verb, defective) Used with verbs of perception. | (verb) To know. | (noun) A more or less cylindrical vessel for liquids, usually of steel or aluminium, but sometimes of plastic, and with a carrying handle over the top. | (noun) A container used to carry and dispense water for plants (a watering can). | (noun) A tin-plate canister, often cylindrical, for preserved foods such as fruit, meat, or fish. | (noun) A chamber pot, now a toilet or lavatory. | (noun) Buttocks. | (noun) Jail or prison. | (noun) (in the plural) Headphones. | (noun) A drinking cup. | (noun) A cube-shaped buoy or marker used to denote a port-side lateral mark | (noun) A chimney pot. | (noun) (in the plural) an E-meter used in Scientology auditing. | (verb) To seal in a can. | (verb) To preserve by heating and sealing in a jar or can. | (verb) To discard, scrap or terminate (an idea, project, etc.). | (verb) To shut up. | (verb) To fire or dismiss an employee. | (verb) To hole the ball."
capable,"(adjective) Able and efficient; having the ability needed for a specific task; having the disposition to do something; permitting or being susceptible to something. | (adjective) Of sufficient capacity or size for holding, containing, receiving or taking in; accessible to. Construed with of, for or an infinitive."
capacity,"(noun) The ability to hold, receive or absorb | (noun) A measure of such ability; volume | (noun) The maximum amount that can be held | (noun) Capability; the ability to perform some task | (noun) The maximum that can be produced. | (noun) Mental ability; the power to learn | (noun) A faculty; the potential for growth and development | (noun) A role; the position in which one functions | (noun) Legal authority (to make an arrest for example) | (noun) Electrical capacitance. | (noun) (operations) The maximum that can be produced on a machine or in a facility or group. | (adjective) Filling the allotted space."
capital,"(noun) Already-produced durable goods available for use as a factor of production, such as steam shovels (equipment) and office buildings (structures). | (noun) Money and wealth. The means to acquire goods and services, especially in a non-barter system. | (noun) A city designated as a legislative seat by the government or some other authority, often the city in which the government is located; otherwise the most important city within a country or a subdivision of it. | (noun) The most important city in the field specified. | (noun) An uppercase letter. | (noun) The uppermost part of a column. | (noun) Knowledge; awareness; proficiency. | (noun) (by extension) The chief or most important thing. | (adjective) Of prime importance. | (adjective) Chief, in a political sense, as being the seat of the general government of a state or nation. | (adjective) Excellent. | (adjective) Involving punishment by death. | (adjective) Uppercase. | (adjective) Of or relating to the head."
capture,"(noun) An act of capturing; a seizing by force or stratagem. | (noun) The securing of an object of strife or desire, as by the power of some attraction. | (noun) Something that has been captured; a captive. | (noun) The recording or storage of something for later playback. | (noun) A particular match found for a pattern in a text string. | (verb) To take control of; to seize by force or stratagem. | (verb) To store (as in sounds or image) for later revisitation. | (verb) To reproduce convincingly. | (verb) To remove or take control of an opponent’s piece in a game (e.g., chess, go, checkers)."
car,"(noun) A wheeled vehicle that moves independently, with at least three wheels, powered mechanically, steered by a driver and mostly for personal transportation. | (noun) A wheeled vehicle, drawn by a horse or other animal; a chariot. | (noun) An unpowered unit in a railroad train. | (noun) An individual vehicle, powered or unpowered, in a multiple unit. | (noun) A passenger-carrying unit in a subway or elevated train, whether powered or not. | (noun) A rough unit of quantity approximating the amount which would fill a railroad car. | (noun) The moving, load-carrying component of an elevator or other cable-drawn transport mechanism. | (noun) The passenger-carrying portion of certain amusement park rides, such as Ferris wheels. | (noun) The part of an airship, such as a balloon or dirigible, which houses the passengers and control apparatus. | (noun) A sliding fitting that runs along a track. | (noun) The aggregate of desirable characteristics of a car. | (noun) A floating perforated box for living fish. | (noun) A turn. | (noun) The first part of a cons in LISP. The first element of a list"
carbon,"(noun) The chemical element (symbol C) with an atomic number of 6. It can be found in pure form for example as graphite, a black, shiny and very soft material, or diamond, a colourless, transparent, crystalline solid and the hardest known material. | (noun) An atom of this element, in reference to a molecule containing it. | (noun) A sheet of carbon paper. | (noun) A carbon copy. | (noun) A fossil fuel that is made of impure carbon such as coal or charcoal. | (noun) Carbon dioxide, in the context of global warming and climate change. | (noun) A carbon rod or pencil used in an arc lamp. | (noun) A plate or piece of carbon used as one of the elements of a voltaic battery. | (verb) To cause (someone) to receive a carbon copy of an email message."
card,"(noun) A playing card. | (noun) (in the plural) Any game using playing cards; a card game. | (noun) A resource or an argument, used to achieve a purpose. | (noun) Any flat, normally rectangular piece of stiff paper, plastic etc. | (noun) A map or chart. | (noun) An amusing or entertaining person, often slightly eccentrically so. | (noun) A list of scheduled events or of performers or contestants. | (noun) A tabular presentation of the key statistics of an innings or match: batsmen’s scores and how they were dismissed, extras, total score and bowling figures. | (noun) A removable electronic device that may be inserted into a powered electronic device to provide additional capability. | (noun) A greeting card. | (noun) A business card. | (noun) Title card / Intertitle: A piece of filmed, printed text edited into the midst of the photographed action at various points, generally to convey character dialogue or descriptive narrative material related to the plot. | (noun) A test card. | (noun) A published note, containing a brief statement, explanation, request, expression of thanks, etc. | (noun) A printed programme. | (noun) (by extension) An attraction or inducement. | (noun) A paper on which the points of the compass are marked; the dial or face of the mariner's compass. | (noun) A perforated pasteboard or sheet-metal plate for warp threads, making part of the Jacquard apparatus of a loom. | (noun) An indicator card. | (verb) To check IDs, especially against a minimum age requirement. | (verb) To play cards. | (verb) To make (a stated score), as recorded on a scoring card. | (noun) Material with embedded short wire bristles. | (noun) A comb- or brush-like device or tool to raise the nap on a fabric. | (noun) A hand-held tool formed similarly to a hairbrush but with bristles of wire or other rigid material. It is used principally with raw cotton, wool, hair, or other natural fibers to prepare these materials for spinning into yarn or thread on a spinning wheel, with a whorl or other hand-held spindle. The card serves to untangle, clean, remove debris from, and lay the fibers straight. | (noun) A machine for disentangling the fibres of wool prior to spinning. | (noun) A roll or sliver of fibre (as of wool) delivered from a carding machine. | (verb) To use a carding device to disentangle the fibres of wool prior to spinning. | (verb) To scrape or tear someone’s flesh using a metal comb, as a form of torture. | (verb) To comb with a card; to cleanse or disentangle by carding. | (verb) To clean or clear, as if by using a card. | (verb) To mix or mingle, as with an inferior or weaker article. | (noun) One of the officials appointed by the pope in the Roman Catholic Church, ranking only below the pope and the patriarchs, constituting the special college which elects the pope. (See Wikipedia article on Catholic cardinals.) | (noun) Any of a genus of songbirds of the finch family, Cardinalis. | (noun) Any of various related passerine birds of the family Cardinalidae (See Wikipedia article on cardinals) and other similar birds that were once considered to be related. | (noun) (color) A deep red color, somewhat less vivid than scarlet, the traditional colour of a Catholic cardinal's cassock. (same as cardinal red) | (noun) Short for cardinal number, a number indicating quantity, or the size of a set (e.g., zero, one, two, three). (See Wikipedia article on Cardinal number.) | (noun) (grammar) Short for cardinal numeral, a word used to represent a cardinal number. | (noun) Short for cardinal flower (Lobelia cardinalis), a flowering plant. | (noun) Short for cardinal tetra (Paracheirodon axelrodi), a freshwater fish. | (noun) (bow) A woman's short cloak with a hood, originally made of scarlet cloth. | (noun) Mulled red wine."
care,"(noun) Grief, sorrow. | (noun) Close attention; concern; responsibility. | (noun) Worry. | (noun) Maintenance, upkeep. | (noun) The treatment of those in need (especially as a profession). | (noun) The state of being cared for by others. | (noun) The object of watchful attention or anxiety. | (verb) To be concerned (about), to have an interest (in); to feel concern (about). | (verb) (polite) To want, to desire; to like; to be inclined towards. | (verb) (with for) To look after or look out for. | (verb) To mind; to object."
career,"(noun) One's calling in life; a person's occupation; one's profession. | (noun) General course of action or conduct in life, or in a particular part of it. | (noun) Speed. | (noun) A jouster's path during a joust. | (noun) A short gallop of a horse. | (noun) The flight of a hawk. | (noun) A racecourse; the ground run over. | (verb) To move rapidly straight ahead, especially in an uncontrolled way."
careful,"(adjective) Taking care; attentive to potential danger, error or harm; cautious. | (adjective) Conscientious and painstaking; meticulous. | (adjective) Full of care or grief; sorrowful, sad. | (adjective) Full of cares or anxiety; worried, troubled."
carry,"(noun) A manner of transporting or lifting something; the grip or position in which something is carried. | (noun) A tract of land over which boats or goods are carried between two bodies of navigable water; a portage. | (noun) The bit or digit that is carried in an addition operation. | (noun) The benefit or cost of owning an asset over time. | (noun) The distance travelled by the ball when struck, until it hits the ground. | (noun) Carried interest. | (noun) The sky; cloud-drift. | (verb) To lift (something) and take it to another place; to transport (something) by lifting. | (verb) To transfer from one place (such as a country, book, or column) to another. | (verb) To convey by extension or continuance; to extend. | (verb) To move; to convey using force | (verb) To lead or guide. | (verb) To stock or supply (something); to have in store. | (verb) To adopt (something); take (something) over. | (verb) To adopt or resolve on, especially in a deliberative assembly | (verb) In an addition, to transfer the quantity in excess of what is countable in the units in a column to the column immediately to the left in order to be added there. | (verb) To have, hold, possess or maintain (something). | (verb) To be transmitted; to travel. | (verb) To insult, to diss. | (verb) To capture a ship by coming alongside and boarding. | (verb) To transport (the ball) whilst maintaining possession. | (verb) To have on one's person. | (verb) To be pregnant (with). | (verb) To have propulsive power; to propel. | (verb) To hold the head; said of a horse. | (verb) To have earth or frost stick to the feet when running, as a hare. | (verb) To bear or uphold successfully through conflict, for example a leader or principle | (verb) To succeed in (e.g. a contest); to succeed in; to win. | (verb) To get possession of by force; to capture. | (verb) To contain; to comprise; have a particular aspect; to show or exhibit | (verb) To bear (oneself); to behave or conduct. | (verb) To bear the charges or burden of holding or having, as stocks, merchandise, etc., from one time to another. | (verb) To have a weapon on one's person; to be armed. | (verb) To be disproportionately responsible for a team's success."
case,"(noun) An actual event, situation, or fact. | (noun) A given condition or state. | (noun) A piece of work, specifically defined within a profession. | (noun) (academia) An instance or event as a topic of study. | (noun) A legal proceeding, lawsuit. | (noun) (grammar) A specific inflection of a word depending on its function in the sentence. | (noun) (grammar) Grammatical cases and their meanings taken either as a topic in general or within a specific language. | (noun) An instance of a specific condition or set of symptoms. | (noun) A section of code representing one of the actions of a conditional switch. | (verb) To propose hypothetical cases. | (noun) A box that contains or can contain a number of identical items of manufacture. | (noun) A box, sheath, or covering generally. | (noun) A piece of luggage that can be used to transport an apparatus such as a sewing machine. | (noun) An enclosing frame or casing. | (noun) A suitcase. | (noun) A piece of furniture, constructed partially of transparent glass or plastic, within which items can be displayed. | (noun) The outer covering or framework of a piece of apparatus such as a computer. | (noun) A shallow tray divided into compartments or ""boxes"" for holding type, traditionally arranged in sets of two, the ""upper case"" (containing capitals, small capitals, accented) and ""lower case"" (small letters, figures, punctuation marks, quadrats, and spaces). | (noun) (by extension) The nature of a piece of alphabetic type, whether a “capital” (upper case) or “small” (lower case) letter. | (noun) Four of a kind. | (noun) A unit of liquid measure used to measure sales in the beverage industry, equivalent to 192 fluid ounces. | (noun) A small fissure which admits water into the workings. | (noun) A thin layer of harder metal on the surface of an object whose deeper metal is allowed to remain soft. | (noun) A cardboard box that holds (usually 24) beer bottles or cans. | (verb) To place (an item or items of manufacture) into a box, as in preparation for shipment. | (verb) To cover or protect with, or as if with, a case; to enclose. | (verb) To survey (a building or other location) surreptitiously, as in preparation for a robbery. | (adjective) The last remaining card of a particular rank."
cash,"(noun) Money in the form of notes/bills and coins, as opposed to cheques/checks or electronic transactions. | (noun) Liquid assets, money that can be traded quickly, as distinct from assets that are invested and cannot be easily exchanged. | (noun) Money. | (noun) Cash register. | (noun) An instance of winning a cash prize. | (noun) A place where money is kept, or where it is deposited and paid out; a money box. | (verb) To exchange (a check/cheque) for money in the form of notes/bills. | (verb) To obtain a payout from a tournament. | (adjective) Great; excellent; cool. | (noun) Any of several low-denomination coins of India, China, or Vietnam, especially the Chinese copper coin. | (verb) To disband. To do away with, kill"
catch,"(noun) The act of seizing or capturing. | (noun) The act of catching an object in motion, especially a ball. | (noun) The act of noticing, understanding or hearing. | (noun) The game of catching a ball. | (noun) Something which is captured or caught. | (noun) (by extension) A find, in particular a boyfriend or girlfriend or prospective spouse. | (noun) A stopping mechanism, especially a clasp which stops something from opening. | (noun) A hesitation in voice, caused by strong emotion. | (noun) (sometimes noun adjunct) A concealed difficulty, especially in a deal or negotiation. | (noun) A crick; a sudden muscle pain during unaccustomed positioning when the muscle is in use. | (noun) A fragment of music or poetry. | (noun) A state of readiness to capture or seize; an ambush. | (noun) A crop which has germinated and begun to grow. | (noun) A type of strong boat, usually having two masts; a ketch. | (noun) A type of humorous round in which the voices gradually catch up with one another; usually sung by men and often having bawdy lyrics. | (noun) The refrain; a line or lines of a song which are repeated from verse to verse. | (noun) The act of catching a hit ball before it reaches the ground, resulting in an out. | (noun) A player in respect of his catching ability; particularly one who catches well. | (noun) The first contact of an oar with the water. | (noun) A stoppage of breath, resembling a slight cough. | (noun) Passing opportunities seized; snatches. | (noun) A slight remembrance; a trace. | (verb) (heading) To capture, overtake. | (verb) (heading) To seize hold of. | (verb) (heading) To intercept. | (verb) (heading) To receive (by being in the way). | (verb) (heading) To take in with one's senses or intellect. | (verb) (heading) To seize attention, interest. | (verb) (heading) To obtain or experience"
category,"(noun) A group, often named or numbered, to which items are assigned based on similarity or defined criteria. | (noun) A collection of objects, together with a transitively closed collection of composable arrows between them, such that every object has an identity arrow, and such that arrow composition is associative."
cause,"(noun) (often with of, typically of adverse results) The source of, or reason for, an event or action; that which produces or effects a result. | (noun) (especially with for and a bare noun) Sufficient reason for a state, as of emotion. | (noun) A goal, aim or principle, especially one which transcends purely selfish ends. | (noun) Sake; interest; advantage. | (noun) Any subject of discussion or debate; a matter; an affair. | (noun) A suit or action in court; any legal process by which a party endeavors to obtain his claim, or what he regards as his right; case; ground of action. | (verb) To set off an event or action. | (verb) (ditransitive) To actively produce as a result, by means of force or authority. | (verb) To assign or show cause; to give a reason; to make excuse."
cell,"(noun) A single-room dwelling for a hermit. | (noun) A small monastery or nunnery dependent on a larger religious establishment. | (noun) A small room in a monastery or nunnery accommodating one person. | (noun) A room in a prison or jail for one or more inmates. | (noun) Each of the small hexagonal compartments in a honeycomb. | (noun) Any of various chambers in a tissue or organism having specific functions. | (noun) The discal cell of the wing of a lepidopteran insect. | (noun) Specifically, any of the supposed compartments of the brain, formerly thought to be the source of specific mental capacities, knowledge, or memories. | (noun) A section or compartment of a larger structure. | (noun) Any small dwelling; a remote nook, a den. | (noun) A device which stores electrical power; used either singly or together in batteries; the basic unit of a battery. | (noun) The basic unit of a living organism, consisting of a quantity of protoplasm surrounded by a cell membrane, which is able to synthesize proteins and replicate itself. | (noun) A small thunderstorm, caused by convection, that forms ahead of a storm front. | (noun) The minimal unit of a cellular automaton that can change state and has an associated behavior. | (noun) In FreeCell-type games, a space where one card can be placed. | (noun) A small group of people forming part of a larger organization, often an outlawed one. | (noun) (communication) A short, fixed-length packet as in asynchronous transfer mode. | (noun) (communication) A region of radio reception that is a part of a larger radio network. | (noun) A three-dimensional facet of a polytope. | (noun) The unit in a statistical array (a spreadsheet, for example) where a row and a column intersect. | (noun) The space between the ribs of a vaulted roof. | (noun) A cella. | (noun) An area of an insect wing bounded by veins | (verb) To place or enclose in a cell. | (noun) A cellular phone."
cent,"(noun) (money) A subunit of currency equal to one-hundredth of the main unit of currency in many countries. Symbol: ¢. | (noun) A small sum of money. | (noun) (money) A subunit of currency equal to one-hundredth of the euro. | (noun) (money) A coin having face value of one cent (in either of the above senses). | (noun) A hundredth of a semitone or half step. | (noun) The point in the interior of a circle that is equidistant from all points on the circumference. | (noun) The point in the interior of a sphere that is equidistant from all points on the circumference. | (noun) The middle portion of something; the part well away from the edges. | (noun) The point on a line that is midway between the ends. | (noun) The point in the interior of any figure of any number of dimensions that has as its coordinates the arithmetic mean of the coordinates of all points on the perimeter of the figure (or of all points in the interior for a center of volume). | (noun) The subgroup (respectively, subring), denoted Z(G), of those elements of a given group (respectively, ring) G that commute with every element of G. | (noun) A place where the greater part of some function or activity occurs. | (noun) A topic that is particularly important in a given context. | (noun) A player in the middle of the playing area | (noun) A player who can go all over the court, except the shooting circles. | (noun) A pass played into the centre of the pitch. | (noun) One of the backs operating in a central area of the pitch, either the inside centre or outside centre. | (noun) A temporary structure upon which the materials of a vault or arch are supported in position until the work becomes self-supporting. | (noun) One of the two conical steel pins in a lathe, etc., upon which the work is held, and about which it revolves. | (noun) A conical recess or indentation in the end of a shaft or other work, to receive the point of a center, on which the work can turn, as in a lathe. | (noun) The ensemble of moderate or centrist political parties. | (noun) A centigrade temperature scale having the freezing point of water defined as 0° and its boiling point defined as 100° at standard atmospheric pressure. Known as the Celsius scale since 1948. | (noun) A single degree on this scale. | (noun) A unit of angle equal to the hundredth part of a quadrant. Its symbol is gon. | (noun) (Sanskrit and other Indian philology) satakam, set of one hundred verses connected by the same metre or topic | (noun) Perfect score on a board exam | (noun) A period of 100 consecutive years; often specifically a numbered period with conventional start and end dates, e.g., the twentieth century, which stretches from (strictly) 1901 through 2000, or (informally) 1900 through 1999. The first century AD was from 1 to 100. | (noun) A unit in ancient Roman army, originally of 100 army soldiers as part of a cohort, later of more varied sizes (but typically containing 60 to 70 or 80) soldiers or other men (guards, police, firemen), commanded by a centurion. | (noun) A political division of ancient Rome, meeting in the Centuriate Assembly. | (noun) A hundred things of the same kind; a hundred. | (noun) A hundred runs scored either by a single player in one innings, or by two players in a partnership. | (noun) A score of one hundred points. | (noun) A race a hundred units (as meters, kilometres, miles) in length. | (noun) A banknote in the denomination of one hundred dollars."
center,"(noun) The point in the interior of a circle that is equidistant from all points on the circumference. | (noun) The point in the interior of a sphere that is equidistant from all points on the circumference. | (noun) The middle portion of something; the part well away from the edges. | (noun) The point on a line that is midway between the ends. | (noun) The point in the interior of any figure of any number of dimensions that has as its coordinates the arithmetic mean of the coordinates of all points on the perimeter of the figure (or of all points in the interior for a center of volume). | (noun) The subgroup (respectively, subring), denoted Z(G), of those elements of a given group (respectively, ring) G that commute with every element of G. | (noun) A place where the greater part of some function or activity occurs. | (noun) A topic that is particularly important in a given context. | (noun) A player in the middle of the playing area | (noun) A player who can go all over the court, except the shooting circles. | (noun) A pass played into the centre of the pitch. | (noun) One of the backs operating in a central area of the pitch, either the inside centre or outside centre. | (noun) A temporary structure upon which the materials of a vault or arch are supported in position until the work becomes self-supporting. | (noun) One of the two conical steel pins in a lathe, etc., upon which the work is held, and about which it revolves. | (noun) A conical recess or indentation in the end of a shaft or other work, to receive the point of a center, on which the work can turn, as in a lathe. | (noun) The ensemble of moderate or centrist political parties. | (verb) To cause (an object) to occupy the center of an area. | (verb) To cause (some attribute, such as a mood or voltage) to be adjusted to a value which is midway between the extremes. | (verb) To give (something) a central basis. | (verb) To concentrate on (something), to pay close attention to (something). | (verb) To form a recess or indentation for the reception of a center. | (adjective) Of, at, or related to a center."
central,"(adjective) Being in the centre. | (adjective) Having or containing the centre of something. | (adjective) Being very important, or key to something. | (adjective) Exerting its action towards the peripheral organs."
century,"(noun) A period of 100 consecutive years; often specifically a numbered period with conventional start and end dates, e.g., the twentieth century, which stretches from (strictly) 1901 through 2000, or (informally) 1900 through 1999. The first century AD was from 1 to 100. | (noun) A unit in ancient Roman army, originally of 100 army soldiers as part of a cohort, later of more varied sizes (but typically containing 60 to 70 or 80) soldiers or other men (guards, police, firemen), commanded by a centurion. | (noun) A political division of ancient Rome, meeting in the Centuriate Assembly. | (noun) A hundred things of the same kind; a hundred. | (noun) A hundred runs scored either by a single player in one innings, or by two players in a partnership. | (noun) A score of one hundred points. | (noun) A race a hundred units (as meters, kilometres, miles) in length. | (noun) A banknote in the denomination of one hundred dollars."
certain,"(noun) (with ""the"") Something certain. | (adjective) Sure, positive, not doubting. | (adjective) Determined; resolved. | (adjective) Not to be doubted or denied; established as a fact. | (adjective) Actually existing; sure to happen; inevitable. | (adjective) Unfailing; infallible. | (adjective) I have often wished , that I knew so certain a remedy in any other disease | (adjective) Fixed or stated; regular; determinate. | (adjective) Known but not specifically named; indeterminate; indefinite; one or some; sometimes used independently as a noun, and meaning certain persons; see also ""one"". | (pronoun) (with of) Unnamed or undescribed members (of)."
certainly,"(adverb) In a way which is certain; with certainty. | (adverb) Without doubt, surely. | (adverb) An emphatic affirmative answer; of course."
chair,"(noun) An item of furniture used to sit on or in, comprising a seat, legs, back, and sometimes arm rests, for use by one person. Compare stool, couch, sofa, settee, loveseat and bench. | (noun) The seating position of a particular musician in an orchestra. | (noun) An iron block used on railways to support the rails and secure them to the sleepers, and similar devices. | (noun) One of two possible conformers of cyclohexane rings (the other being boat), shaped roughly like a chair. | (noun) A distinguished professorship at a university. | (noun) A vehicle for one person; either a sedan borne upon poles, or a two-wheeled carriage drawn by one horse; a gig. | (noun) The seat or office of a person in authority, such as a judge or bishop. | (verb) To act as chairperson at; to preside over. | (verb) To carry in a seated position upon one's shoulders, especially in celebration or victory. | (verb) To award a chair to (a winning poet) at a Welsh eisteddfod. | (noun) A chairman or chairwoman, someone who presides over a meeting, board, etc. | (noun) A chair-like device used for performing execution by electrocution. | (noun) An electrically powered wheelchair. | (noun) A transitional hold in which an attacking wrestler hoists an opponent up onto his/her shoulders so that they are both facing in the same direction."
challenge,"(noun) A confrontation; a dare. | (noun) A difficult task, especially one that the person making the attempt finds more enjoyable because of that difficulty. | (noun) A procedure or action. | (noun) The opening and crying of hounds at first finding the scent of their game. | (verb) To invite (someone) to take part in a competition. | (verb) To dare (someone). | (verb) To dispute (something). | (verb) To make a formal objection to a juror. | (verb) To claim as due; to demand as a right. | (verb) To censure; to blame. | (verb) To question or demand the countersign from (one who attempts to pass the lines). | (verb) To object to the reception of the vote of, e.g. on the ground that the person is not qualified as a voter. | (verb) To take (a final exam) in order to get credit for a course without taking it."
chance,"(noun) An opportunity or possibility. | (noun) Random occurrence; luck. | (noun) The probability of something happening. | (noun) What befalls or happens to a person; their lot or fate. | (adjective) Happening by chance, casual. | (adverb) Perchance; perhaps. | (verb) To happen by chance, to occur. | (verb) To befall; to happen to. | (verb) To try or risk. | (verb) To discover something by chance. | (verb) (Belize) To rob, cheat or swindle someone."
change,"(noun) The process of becoming different. | (noun) Small denominations of money given in exchange for a larger denomination. | (noun) A replacement, e.g. a change of clothes | (noun) Balance of money returned from the sum paid after deducting the price of a purchase. | (noun) Usually coins (as opposed to paper money), but sometimes inclusive of paper money | (noun) A transfer between vehicles. | (noun) A change-up pitch. | (noun) (campanology) Any order in which a number of bells are struck, other than that of the diatonic scale. | (noun) A place where merchants and others meet to transact business; an exchange. | (noun) A public house; an alehouse. | (verb) To become something different. | (verb) To make something into something else. | (verb) To replace. | (verb) To replace one's clothing. | (verb) To replace the clothing of (the one wearing it). | (verb) To transfer to another vehicle (train, bus, etc.) | (verb) To exchange. | (verb) To change hand while riding (a horse)."
character,"(noun) A being involved in the action of a story. | (noun) A distinguishing feature; characteristic; trait; phene. | (noun) A complex of traits marking a person, group, breed, or type. | (noun) Strength of mind; resolution; independence; individuality; moral strength. | (noun) A unique or extraordinary individual; a person characterized by peculiar or notable traits, especially charisma. | (noun) A written or printed symbol, or letter. | (noun) Style of writing or printing; handwriting; the particular form of letters used by a person or people. | (noun) A secret cipher; a way of writing in code. | (noun) One of the basic elements making up a text file or string: a code representing a printing character or a control character. | (noun) A person or individual, especially one who is unknown or raises suspicions. | (noun) A complex number representing an element of a finite Abelian group. | (noun) Quality, position, rank, or capacity; quality or conduct with respect to a certain office or duty. | (noun) The estimate, individual or general, put upon a person or thing; reputation. | (noun) A reference given to a servant, attesting to his/her behaviour, competence, etc. | (noun) Personal appearance. | (verb) To write (using characters); to describe."
charge,"(noun) The amount of money levied for a service. | (noun) A ground attack against a prepared enemy. | (noun) A forceful forward movement. | (noun) An accusation. | (noun) An electric charge. | (noun) The scope of someone's responsibility. | (noun) Someone or something entrusted to one's care, such as a child to a babysitter or a student to a teacher. | (noun) A load or burden; cargo. | (noun) An instruction. | (noun) An offensive foul in which the player with the ball moves into a stationary defender. | (noun) A measured amount of powder and/or shot in a firearm cartridge. | (noun) An image displayed on an escutcheon. | (noun) A position (of a weapon) fitted for attack. | (noun) A sort of plaster or ointment. | (noun) Weight; import; value. | (noun) A measure of thirty-six pigs of lead, each pig weighing about seventy pounds; a charre. | (noun) An address given at a church service concluding a visitation. | (verb) To assign a duty or responsibility to | (verb) To assign (a debit) to an account | (verb) To pay on account, as by using a credit card | (verb) To require payment (of) (a price or fee, for goods, services, etc.) | (verb) (possibly archaic) to sell at a given price. | (verb) To formally accuse (a person) of a crime. | (verb) To impute or ascribe | (verb) To call to account; to challenge | (verb) To place a burden or load on or in | (verb) To load equipment with material required for its use, as a firearm with powder, a fire hose with water, a chemical reactor with raw materials | (verb) To move forward quickly and forcefully, particularly in combat and/or on horseback | (verb) (of a hunting dog) to lie on the belly and be still (A command given by a hunter to a dog)"
cheap,"(noun) Trade; traffic; chaffer; chaffering. | (noun) A market; marketplace. | (noun) Price. | (noun) A low price; a bargain. | (noun) Cheapness; lowness of price; abundance of supply. | (verb) To trade; traffic; bargain; chaffer; ask the price of goods; cheapen goods. | (verb) To bargain for; chaffer for; ask the price of; offer a price for; cheapen. | (verb) To buy; purchase. | (verb) To sell. | (adjective) Low and/or reduced in price. | (adjective) Of poor quality. | (adjective) Of little worth. | (adjective) (of an action or tactic in a game of skill) Underhand or unfair. | (adjective) Stingy; mean; excessively frugal. | (adjective) Trading at a price level which is low relative to historical trends, a similar asset, or (for derivatives) a theoretical value. | (adverb) Cheaply."
check,"(noun) A situation in which the king is directly threatened by an opposing piece. | (noun) An inspection or examination. | (noun) A control; a limit or stop. | (noun) A mark (especially a checkmark: ✓) used as an indicator. | (noun) An order to a bank to pay money to a named person or entity. | (noun) A bill, particularly in a restaurant. | (noun) A maneuver performed by a player to take another player out of the play. | (noun) A token used instead of cash in gaming machines, or in gambling generally. | (noun) A lengthwise separation through the growth rings in wood. | (noun) A mark, certificate or token by which errors may be prevented, or a thing or person may be identified. | (noun) The forsaking by a hawk of its proper game to follow other birds. | (noun) A small chink or crack. | (verb) To inspect; to examine. | (verb) To verify the accuracy of a text or translation, usually making some corrections (proofread) or many (copyedit). | (verb) (often used with ""off"") To mark items on a list (with a checkmark or by crossing them out) that have been chosen for keeping or removal or that have been dealt with (for example, completed or verified as correct or satisfactory). | (verb) To control, limit, or halt. | (verb) To verify or compare with a source of information. | (verb) To leave in safekeeping. | (verb) To leave with a shipping agent for shipping. | (verb) To pass or bounce the ball to an opponent from behind the three-point line and have the opponent pass or bounce it back to start play. | (verb) To disrupt another player with the stick or body to obtain possession of the ball or puck. | (verb) To remain in a hand without betting. Only legal if no one has yet bet. | (verb) To make a move which puts an adversary's king in check; to put in check. | (verb) To chide, rebuke, or reprove. | (verb) To slack or ease off, as a brace which is too stiffly extended. | (verb) To crack or gape open, as wood in drying; or to crack in small checks, as varnish, paint, etc. | (verb) To make checks or chinks in; to cause to crack. | (verb) To make a stop; to pause; with at. | (verb) To clash or interfere. | (verb) To act as a curb or restraint. | (verb) To turn, when in pursuit of proper game, and fly after other birds. | (noun) (usually pluralized) A pattern made up of a grid of squares of alternating colors; a checkered pattern. | (noun) Any fabric woven with such a pattern. | (verb) To mark with a check pattern. | (adjective) Divided into small squares by transverse, perpendicular, and horizontal lines."
chemical,(noun) Any specific chemical element or chemical compound or alloy. | (noun) An artificial chemical compound. | (noun) An addictive drug. | (adjective) Of or relating to chemistry. | (adjective) Of or relating to a material or processes not commonly found in nature or in a particular product. | (adjective) Of or relating to alchemy.
chief,"(noun) A leader or head of a group of people, organisation, etc. | (noun) The top part of a shield or escutcheon; more specifically, an ordinary consisting of the upper part of the field cut off by a horizontal line, generally occupying the top third. | (noun) The principal part or top of anything. | (noun) An informal term of address, sometimes ironic. | (verb) To smoke cannabis. | (adjective) Primary; principal. | (adjective) Intimate, friendly."
child,"(noun) A person who has not yet reached adulthood, whether natural (puberty), cultural (initiation), or legal (majority) | (noun) (specifically) A female child, a girl. | (noun) (with possessive) One's direct descendant by birth, regardless of age; a son or daughter. | (noun) The thirteenth Lenormand card. | (noun) A figurative offspring, particularly: | (noun) A child of noble birth. | (noun) The cognomen given to the oldest son prior to his taking his father's title. | (verb) To give birth; to beget or procreate."
choice,"(noun) An option; a decision; an opportunity to choose or select something. | (noun) The power to choose. | (noun) One selection or preference; that which is chosen or decided; the outcome of a decision. | (noun) Anything that can be chosen. | (noun) (usually with the) The best or most preferable part. | (noun) Care and judgement in selecting; discrimination, selectiveness. | (noun) A sufficient number to choose among. | (adjective) Especially good or preferred. | (adjective) Careful in choosing; discriminating."
choose,"(verb) To pick; to make the choice of; to select. | (verb) To elect. | (verb) To decide to act in a certain way. | (verb) To wish; to desire; to prefer. | (conjunction) The binomial coefficient of the previous and following number. | (noun) The act of choosing; selection. | (noun) The power, right, or privilege of choosing; election. | (noun) Scope for choice."
church,"(noun) A Christian house of worship; a building where Christian religious services take place. | (noun) Christians collectively seen as a single spiritual community; Christianity. | (noun) A local group of people who follow the same Christian religious beliefs, local or general. | (noun) A particular denomination of Christianity. | (noun) (as bare noun) Christian worship held at a church; service. | (noun) Organized religion in general or a specific religion considered as a political institution. | (noun) Any religious group. | (noun) Assembly. | (verb) To conduct a religious service for (a woman after childbirth, or a newly married couple). | (verb) To educate someone religiously, as in in a church."
circle,"(noun) A two-dimensional geometric figure, a line, consisting of the set of all those points in a plane that are equally distant from a given point (center). | (noun) A two-dimensional geometric figure, a disk, consisting of the set of all those points of a plane at a distance less than or equal to a fixed distance (radius) from a given point. | (noun) Any shape, curve or arrangement of objects that approximates to or resembles the geometric figures. | (noun) A specific group of persons; especially one who shares a common interest. | (noun) The orbit of an astronomical body. | (noun) A line comprising two semicircles of 30 yards radius centred on the wickets joined by straight lines parallel to the pitch used to enforce field restrictions in a one-day match. | (noun) A ritual circle that is cast three times deosil and closes three times widdershins either in the air with a wand or literally with stones or other items used for worship. | (noun) A traffic circle or roundabout. | (noun) Compass; circuit; enclosure. | (noun) An instrument of observation, whose graduated limb consists of an entire circle. When fixed to a wall in an observatory, it is called a mural circle; when mounted with a telescope on an axis and in Y's, in the plane of the meridian, a meridian or transit circle; when involving the principle of reflection, like the sextant, a reflecting circle; and when that of repeating an angle several times continuously along the graduated limb, a repeating circle. | (noun) A series ending where it begins, and repeating itself. | (noun) A form of argument in which two or more unproved statements are used to prove each other; inconclusive reasoning. | (noun) Indirect form of words; circumlocution. | (noun) A territorial division or district. | (noun) (in the plural) A bagginess of the skin below the eyes from lack of sleep. | (verb) To travel around along a curved path. | (verb) To surround. | (verb) To place or mark a circle around. | (verb) To travel in circles."
circumstance,"(noun) That which attends, or relates to, or in some way affects, a fact or event; an attendant thing or state of things. | (noun) An event; a fact; a particular incident. | (noun) Circumlocution; detail. | (noun) Condition in regard to worldly estate; state of property; situation; surroundings. | (verb) To place in a particular situation, especially with regard to money or other resources."
citizen,"(noun) A resident of a city or town, especially one with legally-recognized rights or duties. | (noun) A legally-recognized member of a state, with associated rights and obligations; a person considered in terms of this role. | (noun) An inhabitant or occupant: a member of any place. | (noun) A resident of the heavenly city or (later) of the kingdom of God: a Christian; a good Christian. | (noun) A civilian, as opposed to a police officer, soldier, or member of some other specialized (usually state) group. | (noun) An ordinary person, as opposed to nobles and landed gentry on one side and peasants, craftsmen, and laborers on the other. | (noun) (usually capitalized) A term of address among French citizens during the French Revolution or towards its supporters elsewhere; (later, dated) a term of address among socialists and communists. | (noun) An object."
city,"(noun) A large settlement, bigger than a town; sometimes with a specific legal definition, depending on the place. | (noun) A settlement granted special status by royal charter or letters patent; traditionally, a settlement with a cathedral regardless of size. | (noun) The central business district; downtown. | (noun) A large amount of something (used after the noun)."
civil,"(adjective) Having to do with people and government office as opposed to the military or religion. | (adjective) Behaving in a reasonable or polite manner. | (adjective) Relating to private relations among citizens, as opposed to criminal matters. | (adjective) Secular."
claim,"(noun) A demand of ownership made for something. | (noun) The thing claimed. | (noun) The right or ground of demanding. | (noun) A new statement of something one believes to be the truth, usually when the statement has yet to be verified or without valid evidence provided. | (noun) A demand of ownership for previously unowned land. | (noun) A legal demand for compensation or damages. | (verb) To demand ownership of. | (verb) To state a new fact, typically without providing evidence to prove it is true. | (verb) To demand ownership or right to use for land. | (verb) To demand compensation or damages through the courts. | (verb) To be entitled to anything; to deduce a right or title; to have a claim. | (verb) To cause the loss of, usually by violent means. | (verb) To proclaim. | (verb) To call or name."
class,"(noun) A group, collection, category or set sharing characteristics or attributes. | (noun) A social grouping, based on job, wealth, etc. In Britain, society is commonly split into three main classes; upper class, middle class and working class. | (noun) The division of society into classes. | (noun) Admirable behavior; elegance. | (noun) A group of students in a regularly scheduled meeting with a teacher. | (noun) A series of lessons covering a single subject. | (noun) A group of students who commenced or completed their education during a particular year. A school class. | (noun) A category of seats in an airplane, train or other means of mass transportation. | (noun) A rank in the classification of organisms, below phylum and above order; a taxon of that rank. | (noun) Best of its kind. | (noun) A grouping of data values in an interval, often used for computation of a frequency distribution. | (noun) A collection of sets definable by a shared property. | (noun) A group of people subject to be conscripted in the same military draft, or more narrowly those persons actually conscripted in a particular draft. | (noun) A set of objects having the same behavior (but typically differing in state), or a template defining such a set. | (noun) One of the sections into which a Methodist church or congregation is divided, supervised by a class leader. | (verb) To assign to a class; to classify. | (verb) To be grouped or classed. | (verb) To divide into classes, as students; to form into, or place in, a class or classes. | (adjective) Great; fabulous"
clean,"(noun) Removal of dirt. | (noun) The first part of the event clean and jerk in which the weight is brought from the ground to the shoulders. | (verb) To remove dirt from a place or object. | (verb) To tidy up, make a place neat. | (verb) To remove equipment from a climbing route after it was previously lead climbed. | (verb) To make things clean in general. | (verb) To remove unnecessary files, etc. from (a directory, etc.). | (verb) To brush the ice lightly in front of a moving rock to remove any debris and ensure a correct line; less vigorous than a sweep. | (verb) To purge a raw of any blemishes caused by the scanning process such as brown tinting and poor color contrast. | (verb) To remove guts and/or scales of a butchered animal. | (adjective) (heading, physical) Free of dirt or impurities or protruberances. | (adjective) (heading, behavioural) Free of immorality or criminality. | (adjective) Smooth, exact, and performed well | (adjective) Total; utter. (still in ""clean sweep"") | (adjective) Cool or neat. | (adjective) (health) Being free of sexually transmitted diseases (STDs). | (adjective) That does not damage the environment. | (adjective) Free from that which is useless or injurious; without defects. | (adjective) Free from restraint or neglect; complete; entire. | (adjective) Well-proportioned; shapely. | (adjective) (of a route) Ascended without falling. | (adverb) Fully and completely."
clear,"(noun) Full extent; distance between extreme limits; especially; the distance between the nearest surfaces of two bodies, or the space between walls. | (noun) The completion of a stage or challenge, or of the whole game. | (noun) A person who is free from the influence of engrams. | (verb) To remove obstructions, impediments or other unwanted items from. | (verb) To remove (items or material) so as to leave something unobstructed or open. | (verb) To become free from obstruction or obscurement; to become transparent. | (verb) To eliminate ambiguity or doubt from (a matter); to clarify or resolve; to clear up. | (verb) To remove from suspicion, especially of having committed a crime. | (verb) To pass without interference; to miss. | (verb) (activities such as jumping or throwing) To exceed a stated mark. | (verb) To finish or complete (a stage, challenge, or game). | (verb) Of a check or financial transaction, to go through as payment; to be processed so that the money is transferred. | (verb) To earn a profit of; to net. | (verb) To approve or authorise for a particular purpose or action; to give clearance to. | (verb) To obtain approval or authorisation in respect of. | (verb) To obtain a clearance. | (verb) To obtain permission to use (a sample of copyrighted audio) in another track. | (verb) To disengage oneself from incumbrances, distress, or entanglements; to become free. | (verb) To hit, kick, head, punch etc. (a ball, puck) away in order to defend one's goal. | (verb) To reset or unset; to return to an empty state or to zero. | (verb) To style (an element within a document) so that it is not permitted to float at a given position. | (adjective) Transparent in colour. | (adjective) Bright, not dark or obscured. | (adjective) Free of obstacles. | (adjective) Without clouds. | (adjective) Of the sky, such that less than one eighth of its area is obscured by clouds. | (adjective) Free of ambiguity or doubt. | (adjective) Distinct, sharp, well-marked. | (adjective) Free of guilt, or suspicion. | (adjective) (of a soup) Without a thickening ingredient. | (adjective) Possessing little or no perceptible stimulus. | (adjective) Free from the influence of engrams; see Clear (Scientology). | (adjective) Able to perceive clearly; keen; acute; penetrating; discriminating. | (adjective) Not clouded with passion; serene; cheerful. | (adjective) Easily or distinctly heard; audible. | (adjective) Unmixed; entirely pure. | (adjective) Without defects or blemishes, such as freckles or knots. | (adjective) Without diminution; in full; net. | (adverb) All the way; entirely. | (adverb) Not near something or touching it. | (adverb) Free (or separate) from others | (adverb) In a clear manner; plainly."
clearly,(adverb) (manner) In a clear manner. | (adverb) (modal) Without a doubt; obviously. | (adverb) (degree) To a degree clearly discernible.
climate,"(noun) An area of the earth's surface between two parallels of latitude. | (noun) A region of the Earth. | (noun) The long-term manifestations of weather and other atmospheric conditions in a given area or country, now usually represented by the statistical summary of its weather conditions during a period long enough to ensure that representative values are obtained (generally 30 years). | (noun) The context in general of a particular political, moral etc. situation. | (verb) To dwell."
climb,"(noun) An act of climbing. | (noun) The act of getting to somewhere more elevated. | (noun) An upwards struggle | (verb) To ascend; rise; to go up. | (verb) To mount; to move upwards on. | (verb) To scale; to get to the top of something. | (verb) To move (especially up and down something) by gripping with the hands and using the feet. | (verb) To practise the sport of climbing | (verb) To jump high | (verb) To move to a higher position on the social ladder. | (verb) Of plants, to grow upwards by clinging to something."
clock,"(noun) An instrument used to measure or keep track of time; a non-portable timepiece. | (noun) The odometer of a motor vehicle. | (noun) An electrical signal that synchronizes timing among digital circuits of semiconductor chips or modules. | (noun) The seed head of a dandelion. | (noun) A time clock. | (noun) A CPU clock cycle, or T-state. | (verb) To measure the duration of. | (verb) To measure the speed of. | (verb) To hit (someone) heavily. | (verb) To take notice of; to realise; to recognize someone or something | (verb) To falsify the reading of the odometer of a vehicle. | (verb) To beat a video game. | (noun) A pattern near the heel of a sock or stocking. | (verb) To ornament (e.g. the side of a stocking) with figured work. | (noun) A large beetle, especially the European dung beetle (Geotrupes stercorarius). | (verb) To make the sound of a hen; to cluck. | (verb) To hatch."
close,"(noun) An end or conclusion. | (noun) The manner of shutting; the union of parts; junction. | (noun) A grapple in wrestling. | (noun) The conclusion of a strain of music; cadence. | (noun) A double bar marking the end. | (noun) (travel) The time when checkin staff will no longer accept passengers for a flight. | (verb) (physical) To remove a gap. | (verb) (social) To finish, to terminate. | (verb) To come or gather around; to enclose; to encompass; to confine. | (verb) To have a vector sum of 0; that is, to form a closed polygon. | (noun) (chiefly Yorkshire) An enclosed field. | (noun) (chiefly British) A street that ends in a dead end. | (noun) A very narrow alley between two buildings, often overhung by one of the buildings above the ground floor. | (noun) The common staircase in a tenement. | (noun) A cathedral close. | (noun) The interest which one may have in a piece of ground, even though it is not enclosed. | (adjective) Closed, shut. | (adjective) Narrow; confined. | (adjective) At a little distance; near. | (adjective) Intimate; well-loved. | (adjective) Oppressive; without motion or ventilation; causing a feeling of lassitude. | (adjective) (Ireland, England, Scotland) Hot, humid, with no wind. | (adjective) (of a vowel) Articulated with the tongue body relatively close to the hard palate. | (adjective) Strictly confined; carefully guarded. | (adjective) Out of the way of observation; secluded; secret; hidden. | (adjective) Nearly equal; almost evenly balanced. | (adjective) Short. | (adjective) Dense; solid; compact. | (adjective) Concise; to the point. | (adjective) Difficult to obtain. | (adjective) Parsimonious; stingy. | (adjective) Adhering strictly to a standard or original; exact. | (adjective) Accurate; careful; precise; also, attentive; undeviating; strict. | (adjective) Marked, evident."
closely,(adverb) In a close manner. | (adverb) Secretly; privately
clothes,"(noun) A woven fabric such as used in dressing, decorating, cleaning or other practical use. | (noun) Specifically, a tablecloth, especially as spread before a meal or removed afterwards. | (noun) A piece of cloth used for a particular purpose. | (noun) (metaphoric) Substance or essence; the whole of something complex. | (noun) (metaphoric) Appearance; seeming. | (noun) A form of attire that represents a particular profession or status. | (noun) (in idioms) Priesthood, clergy. | (noun) Items of clothing; apparel. | (noun) The covering of a bed; bedclothes. | (noun) Laundry (hung on a clothesline) | (verb) To adorn or cover with clothing; to dress; to supply clothes or clothing. | (verb) To cover or invest, as if with a garment."
cloud,"(noun) A rock; boulder; a hill. | (noun) A visible mass of water droplets suspended in the air. | (noun) Any mass of dust, steam or smoke resembling such a mass. | (noun) Anything which makes things foggy or gloomy. | (noun) Anything unsubstantial. | (noun) A dark spot on a lighter material or background. | (noun) A group or swarm, especially suspended above the ground or flying. | (noun) An elliptical shape or symbol whose outline is a series of semicircles, supposed to resemble a cloud. | (noun) (with ""the"") The Internet, regarded as an abstract amorphous omnipresent space for processing and storage, the focus of cloud computing. | (noun) A negative or foreboding aspect of something positive: see every cloud has a silver lining or every silver lining has a cloud. | (noun) Crystal methamphetamine. | (noun) A large, loosely-knitted headscarf worn by women. | (verb) To become foggy or gloomy, or obscured from sight. | (verb) To overspread or hide with a cloud or clouds. | (verb) To make obscure. | (verb) To make less acute or perceptive. | (verb) To make gloomy or sullen. | (verb) To blacken; to sully; to stain; to tarnish (reputation or character). | (verb) To mark with, or darken in, veins or sports; to variegate with colors. | (verb) To become marked, darkened or variegated in this way."
club,"(noun) An association of members joining together for some common purpose, especially sports or recreation. | (noun) A heavy stick intended for use as a weapon or plaything. | (noun) A joint charge of expense, or any person's share of it; a contribution to a common fund. | (noun) An establishment that provides staged entertainment, often with food and drink, such as a nightclub. | (noun) A black clover shape (♣), one of the four symbols used to mark the suits of playing cards. | (noun) Any set of people with a shared characteristic. | (noun) A club sandwich. | (noun) The slice of bread in the middle of a club sandwich. | (verb) To hit with a club. | (verb) To join together to form a group. | (verb) To combine into a club-shaped mass. | (verb) To go to nightclubs. | (verb) To pay an equal or proportionate share of a common charge or expense. | (verb) To raise, or defray, by a proportional assessment. | (verb) To drift in a current with an anchor out. | (verb) To throw, or allow to fall, into confusion. | (verb) To unite, or contribute, for the accomplishment of a common end. | (verb) To turn the breech of (a musket) uppermost, so as to use it as a club."
coach,"(noun) A wheeled vehicle, generally drawn by horse power. | (noun) A passenger car, either drawn by a locomotive or part of a multiple unit. | (noun) (originally Oxford University slang) A trainer or instructor. | (noun) A single-decked long-distance, or privately hired, bus. | (noun) The forward part of the cabin space under the poop deck of a sailing ship; the fore-cabin under the quarter deck. | (noun) (chiefly US) The part of a commercial passenger airplane or train reserved for those paying the lower standard fares; the economy section. | (verb) To train. | (verb) To instruct; to train. | (verb) To study under a tutor. | (verb) To travel in a coach (sometimes coach it). | (verb) To convey in a coach."
coal,"(noun) A black rock formed from prehistoric plant remains, composed largely of carbon and burned as a fuel. | (noun) A piece of coal used for burning (this use is less common in American English) | (noun) A type of coal, such as bituminous, anthracite, or lignite, and grades and varieties thereof. | (noun) A glowing or charred piece of coal, wood, or other solid fuel. | (noun) Charcoal. | (verb) To take on a supply of coal (usually of steam ships). | (verb) To supply with coal. | (verb) To be converted to charcoal. | (verb) To burn to charcoal; to char. | (verb) To mark or delineate with charcoal."
coast,"(noun) The edge of the land where it meets an ocean, sea, gulf, bay, or large lake. | (noun) The side or edge of something. | (noun) A region of land; a district or country. | (noun) A region of the air or heavens. | (verb) To glide along without adding energy; to allow a vehicle to continue moving forward after disengaging the engine or ceasing to apply motive power. | (verb) To sail along a coast. | (verb) To make a minimal effort; to continue to do something in a routine way, without initiative or effort. | (verb) To draw near to; to approach; to keep near, or by the side of. | (verb) To sail by or near; to follow the coastline of. | (verb) To conduct along a coast or river bank. | (verb) To slide downhill; to slide on a sled upon snow or ice."
coat,"(noun) An outer garment covering the upper torso and arms.Wp | (noun) A covering of material, such as paint.Wp | (noun) The fur or feathers covering an animal's skin.Wp | (noun) Canvas painted with thick tar and secured round a mast or bowsprit to prevent water running down the sides into the hold (now made of rubber or leather). | (noun) A petticoat. | (noun) The habit or vesture of an order of men, indicating the order or office; cloth. | (noun) A coat of arms.Wp | (noun) A coat card. | (verb) To cover with a coating of some material. | (verb) To cover like a coat. | (verb) To clothe."
code,"(noun) A short symbol, often with little relation to the item it represents. | (noun) A body of law, sanctioned by legislation, in which the rules of law to be specifically applied by the courts are set forth in systematic form; a compilation of laws by public authority; a digest. | (noun) Any system of principles, rules or regulations relating to one subject. | (noun) A set of rules for converting information into another form or representation. | (noun) A message represented by rules intended to conceal its meaning. | (noun) A cryptographic system using a codebook that converts words or phrases into codewords. | (noun) Instructions for a computer, written in a programming language; the input of a translator, an interpreter or a browser, namely: source code, machine code, bytecode. | (noun) (scientific programming) A program. | (noun) A particular lect or language variety. | (noun) An emergency requiring situation-trained members of the staff. | (verb) To write software programs. | (verb) To add codes to a dataset. | (verb) To categorise by assigning identifiers from a schedule, for example CPT coding for medical insurance purposes. | (verb) To encode. | (verb) To encode a protein. | (verb) To call a hospital emergency code. | (verb) Of a patient, to suffer a sudden medical emergency (a code blue) such as cardiac arrest."
coffee,"(noun) A beverage made by infusing the beans of the coffee plant in hot water. | (noun) A serving of this beverage. | (noun) The seeds of the plant used to make coffee, misnamed ‘beans’ due to their shape. | (noun) The powder made by roasting and grinding the seeds. | (noun) A tropical plant of the genus Coffea. | (noun) A pale brown colour, like that of milk coffee. | (noun) The end of a meal, when coffee is served. | (verb) To drink coffee. | (adjective) Of a pale brown colour, like that of milk coffee. | (adjective) Of a table: a small, low table suitable for people in lounge seating to put coffee cups on."
cold,"(adjective) (of a thing) Having a low temperature. | (adjective) (of the weather) Causing the air to be cold. | (adjective) (of a person or animal) Feeling the sensation of coldness, especially to the point of discomfort. | (adjective) Unfriendly, emotionally distant or unfeeling. | (adjective) Dispassionate, not prejudiced or partisan, impartial. | (adjective) Completely unprepared; without introduction. | (adjective) Unconscious or deeply asleep; deprived of the metaphorical heat associated with life or consciousness. | (adjective) (usually with ""have"" or ""know"" transitively) Perfectly, exactly, completely; by heart. | (adjective) (usually with ""have"" transitively) Cornered, done for. | (adjective) Not pungent or acrid. | (adjective) Unexciting; dull; uninteresting. | (adjective) Affecting the sense of smell (as of hunting dogs) only feebly; having lost its odour. | (adjective) Not sensitive; not acute. | (adjective) Distant; said, in the game of hunting for some object, of a seeker remote from the thing concealed. Compare warm and hot. | (adjective) Having a bluish effect; not warm in colour. | (adjective) Rarely used or accessed, and thus able to be relegated to slower storage. | (adjective) Without compassion; heartless; ruthless | (noun) A condition of low temperature. | (noun) (with 'the') A harsh place; a place of abandonment. | (noun) A common, usually harmless, viral illness, usually with congestion of the nasal passages and sometimes fever. | (noun) Rheum, sleepy dust | (adverb) While at low temperature. | (adverb) Without preparation. | (adverb) With finality. | (adverb) In a cold, frank, or realistically honest manner."
collapse,"(noun) The act of collapsing. | (noun) Constant function, one-valued function (in automata theory) (in particular application causing a reset). | (verb) To break apart and fall down suddenly; to cave in. | (verb) To cease to function due to a sudden breakdown; to fail suddenly and completely. | (verb) To fold compactly. | (verb) To hide additional directory (folder) levels below the selected directory (folder) levels. When a folder contains no additional folders, a minus sign (-) appears next to the folder. | (verb) For several batsmen to get out in quick succession | (verb) To cause something to collapse. | (verb) To pass out and fall to the floor or ground, as from exhaustion or other illness; to faint."
collect,"(verb) To gather together; amass. | (verb) To get; particularly, get from someone. | (verb) To accumulate (a number of similar or related objects), particularly for a hobby or recreation. | (verb) To form a conclusion; to deduce, infer. (Compare gather, get.) | (verb) (often with on or against) To collect payments. | (verb) To come together in a group or mass. | (verb) To infer; to conclude. | (verb) (of a vehicle or driver) To collide with or crash into (another vehicle or obstacle). | (adjective) To be paid for by the recipient, as a telephone call or a shipment. | (adverb) With payment due from the recipient. | (noun) The prayer said before the reading of the epistle lesson, especially one found in a prayerbook, as with the Book of Common Prayer."
college,"(noun) A corporate group; a group of colleagues. | (noun) (in some proper nouns) A group sharing common purposes or goals. | (noun) An electoral college. | (noun) An academic institution. | (noun) A specialized division of a university. | (noun) An institution of higher education teaching undergraduates. | (noun) A university. | (noun) Attendance at an institution of higher education. | (noun) A postsecondary institution that offers vocational training and/or associate's degrees. | (noun) A non-specialized, semi-autonomous division of a university, with its own faculty, departments, library, etc. | (noun) An institution of further education at an intermediate level; sixth form. | (noun) An institution for adult education at a basic or intermediate level (teaching those of any age). | (noun) A high school or secondary school. | (noun) A private (non-government) primary or high school. | (noun) A residential hall associated with a university, possibly having its own tutors. | (noun) A government high school, short for junior college. | (noun) (in Chile) A bilingual school."
color,"(noun) The spectral composition of visible light | (noun) A subset thereof: | (noun) A paint. | (noun) Human skin tone, especially as an indicator of race or ethnicity. | (noun) Skin color, noted as normal, jaundiced, cyanotic, flush, mottled, pale, or ashen as part of the skin signs assessment. | (noun) A flushed appearance of blood in the face; redness of complexion. | (noun) Richness of expression; detail or flavour that is likely to generate interest or enjoyment. | (noun) A standard, flag, or insignia: | (noun) (in the plural) An award for sporting achievement, particularly within a school or university. | (noun) (in the plural) The morning ceremony of raising the flag. | (noun) A property of quarks, with three values called red, green, and blue, which they can exchange by passing gluons. | (noun) A third-order measure of derivative price sensitivity, expressed as the rate of change of gamma with respect to time, or equivalently the rate of change of charm with respect to changes in the underlying asset price. | (noun) The relative lightness or darkness of a mass of written or printed text on a page. (See type color.) | (noun) Any of the colored balls excluding the reds. | (noun) A front or facade; an ostensible truth actually false; pretext. | (noun) An appearance of right or authority; color of law. | (verb) To give something color. | (verb) To apply colors to the areas within the boundaries of a line drawing using colored markers or crayons. | (verb) (of a person or their face) To become red through increased blood flow. | (verb) To affect without completely changing. | (verb) To attribute a quality to; to portray (as). | (verb) To assign colors to the vertices of a graph (or the regions of a map) so that no two vertices connected by an edge (regions sharing a border) have the same color. | (adjective) Conveying color, as opposed to shades of gray."
column,"(noun) A solid upright structure designed usually to support a larger structure above it, such as a roof or horizontal beam, but sometimes for decoration. | (noun) A vertical line of entries in a table, usually read from top to bottom. | (noun) A body of troops or army vehicles, usually strung out along a road. | (noun) A body of text meant to be read line by line, especially in printed material that has multiple adjacent such on a single page. | (noun) A unit of width, especially of advertisements, in a periodical, equivalent to the width of a usual column of text. | (noun) (by extension) A recurring feature in a periodical, especially an opinion piece, especially by a single author or small rotating group of authors, or on a single theme. | (noun) Something having similar vertical form or structure to the things mentioned above, such as a spinal column. | (noun) The gynostemium | (noun) (chemistry) An object used to separate the different components of a liquid or to purify chemical compounds."
combat,"(noun) A battle, a fight (often one in which weapons are used). | (noun) A struggle for victory | (verb) To fight; to struggle against. | (verb) To fight (with); to struggle for victory (against)."
combination,"(noun) The act of combining, the state of being combined or the result of combining. | (noun) An object formed by combining. | (noun) A sequence of numbers or letters used to open a combination lock. | (noun) One or more elements selected from a set without regard to the order of selection. | (noun) An association or alliance of people for some common purpose. | (noun) A combination shot; a billiard; a shot where the cue ball hits a ball that strikes another ball on the table. | (noun) A motorcycle and sidecar. | (noun) A rapid sequence of punches or strikes in boxing or other combat sports."
come,"(noun) Coming, arrival; approach. | (noun) Semen | (noun) Female ejaculatory discharge. | (verb) To move from further away to nearer to. | (verb) To arrive. | (verb) To appear, to manifest itself. | (verb) (with an infinitive) To begin to have an opinion or feeling. | (verb) (with an infinitive) To do something by chance, without intending to do it. | (verb) To take a position relative to something else in a sequence. | (verb) To achieve orgasm; to cum; to ejaculate. | (verb) (with close) To approach a state of being or accomplishment. | (verb) (with to) To take a particular approach or point of view in regard to something. | (verb) (fossil word) To become, to turn out to be. | (verb) To be supplied, or made available; to exist. | (verb) To carry through; to succeed in. | (verb) Happen. | (verb) (with from or sometimes of) To have as an origin, originate. | (verb) (of grain) To germinate. | (verb) To pretend to be; to behave in the manner of. | (preposition) Used to indicate a point in time at or after which a stated event or situation occurs. | (interjection) An exclamation to express annoyance. | (interjection) An exclamation to express encouragement, or to precede a request. | (noun) The punctuation mark ⟨,⟩ used to indicate a set off parts of a sentence or between elements of a list. | (noun) A similar-looking subscript diacritical mark. | (noun) Any of various nymphalid butterflies of the genus Polygonia, having a comma-shaped white mark on the underwings, especially Polygonia c-album and Polygonia c-aureum of North Africa, Europe, and Asia. | (noun) A difference in the calculation of nearly identical intervals by different ways. | (noun) A delimiting marker between items in a genetic sequence. | (noun) In Ancient Greek rhetoric, a short clause, something less than a colon, originally denoted by comma marks. In antiquity it was defined as a combination of words having no more than eight syllables in all. It was later applied to longer phrases, e.g. the Johannine comma. | (noun) A brief interval."
comfort,"(noun) Contentment, ease. | (noun) Something that offers comfort. | (noun) A consolation; something relieving suffering or worry. | (noun) A cause of relief or satisfaction. | (verb) To relieve the distress or suffering of; to provide comfort to. | (verb) To make comfortable. | (verb) To make strong; to invigorate; to fortify; to corroborate. | (verb) To assist or help; to aid."
comfortable,"(noun) A stuffed or quilted coverlet for a bed; a comforter. | (adjective) Providing physical comfort and ease; agreeable. | (adjective) In a state of comfort and content. | (adjective) Comforting, providing comfort; consolatory. | (adjective) Amply sufficient, satisfactory. | (adjective) Strong; vigorous; valiant. | (adjective) Serviceable; helpful."
command,"(noun) An order to do something. | (noun) The right or authority to order, control or dispose of; the right to be obeyed or to compel obedience. | (noun) Power of control, direction or disposal; mastery. | (noun) A position of chief authority; a position involving the right or power to order or control. | (noun) The act of commanding; exercise or authority of influence. | (noun) A body or troops, or any naval or military force, under the control of a particular officer; by extension, any object or body in someone's charge. | (noun) Dominating situation; range or control or oversight; extent of view or outlook. | (noun) A directive to a computer program acting as an interpreter of some kind, in order to perform a specific task. | (noun) The degree of control a pitcher has over his pitches. | (noun) A command performance. | (verb) To order, give orders; to compel or direct with authority. | (verb) To have or exercise supreme power, control or authority over, especially military; to have under direction or control. | (verb) To require with authority; to demand, order, enjoin. | (verb) To dominate through ability, resources, position etc.; to overlook. | (verb) To exact, compel or secure by influence; to deserve, claim. | (verb) To hold, to control the use of. | (verb) To have a view, as from a superior position. | (verb) To direct to come; to bestow."
comment,"(noun) A spoken or written remark. | (noun) A remark embedded in source code in such a way that it will be ignored by the compiler or interpreter, typically to help people to understand the code. | (verb) To remark. | (verb) (with ""on"" or ""about"") To make remarks or notes. | (verb) To comment or remark on. | (verb) (of code) To insert comments into (source code). | (verb) (of code) To comment out (code); to disable by converting into a comment."
commercial,"(noun) An advertisement in a common media format, usually radio or television. | (noun) A commercial trader, as opposed to an individual speculator. | (adjective) Of or pertaining to commerce. | (adjective) (aviation) Designating an airport that serves passenger and/or cargo flights. | (adjective) (aviation) Designating such an airplane flight."
commit,"(noun) The act of committing (e.g. a database transaction or source code into a source control repository), making it a permanent change. | (verb) To give in trust; to put into charge or keeping; to entrust; to consign; used with to or formerly unto. | (verb) To put in charge of a jailer; to imprison. | (verb) To have (a person) enter an establishment, such as a hospital or asylum, as a patient. | (verb) To do (something bad); to perpetrate, as a crime, sin, or fault. | (verb) To join a contest; to match; followed by with. | (verb) To pledge or bind; to compromise, expose, or endanger by some decisive act or preliminary step. (Traditionally used only reflexively but now also without oneself etc.) | (verb) To make a set of changes permanent. | (verb) (Latinism) To confound. | (verb) To commit an offence; especially, to fornicate. | (verb) To be committed or perpetrated; to take place; to occur."
committee,"(noun) A body of one or more persons convened for the accomplishment of some specific purpose, typically with formal protocols. | (noun) A guardian; someone in charge of another person deemed to be unable to look after himself or herself."
common,"(noun) Mutual good, shared by more than one. | (noun) A tract of land in common ownership; common land. | (noun) The people; the community. | (noun) The right of taking a profit in the land of another, in common either with the owner or with other persons; so called from the community of interest which arises between the claimant of the right and the owner of the soil, or between the claimants and other commoners entitled to the same right. | (verb) To communicate (something). | (verb) To converse, talk. | (verb) To have sex. | (verb) To participate. | (verb) To have a joint right with others in common ground. | (verb) To board together; to eat at a table in common. | (adjective) Mutual; shared by more than one. | (adjective) Occurring or happening regularly or frequently; usual. | (adjective) Found in large numbers or in a large quantity; usual. | (adjective) Simple, ordinary or vulgar. | (adjective) (grammar) In some languages, particularly Germanic languages, of the gender originating from the coalescence of the masculine and feminine categories of nouns. | (adjective) (grammar) Of or pertaining to common nouns as opposed to proper nouns. | (adjective) Vernacular, referring to the name of a kind of plant or animal, i.e., common name vs. scientific name. | (adjective) Profane; polluted. | (adjective) Given to lewd habits; prostitute."
communicate,(verb) To impart | (verb) To share
community,"(noun) A group sharing a common understanding, and often the same language, law, manners, and/or tradition. | (noun) A residential or religious collective; a commune. | (noun) A group of interdependent organisms inhabiting the same region and interacting with each other. | (noun) A group of people interacting by electronic means for educational, professional, social, or other purposes; a virtual community. | (noun) The condition of having certain attitudes and interests in common. | (noun) Common enjoyment or possession; participation. | (noun) Common character; likeness. | (noun) Commonness; frequency."
company,"(noun) A team; a group of people who work together professionally. | (noun) A small group of birds or animals. | (noun) An entity having legal personality, and thus able to own property and to sue and be sued in its own name; a corporation. | (noun) Any business, whether incorporated or not, that manufactures or sells products (also known as goods), or provides services as a commercial venture. | (noun) Social visitors or companions. | (noun) Companionship. | (verb) To accompany, keep company with. | (verb) To associate. | (verb) To be a lively, cheerful companion. | (verb) To have sexual intercourse."
compare,"(noun) Comparison. | (noun) An instruction or command that compares two values. | (noun) Illustration by comparison; simile. | (verb) To assess the similarities and differences between two or more things [""to compare X with Y""]. Having made the comparison of X with Y, one might have found it similar to Y or different from Y. | (verb) To declare two things to be similar in some respect [""to compare X to Y""]. | (verb) (grammar) To form the three degrees of comparison of (an adjective). | (verb) To be similar (often used in the negative). | (verb) To get; to obtain."
competition,(noun) The action of competing. | (noun) A contest for a prize or award. | (noun) The competitors in such a contest.
complete,(noun) A completed survey. | (verb) To finish; to make done; to reach the end. | (verb) To make whole or entire. | (verb) To call from the small blind in an unraised pot. | (adjective) With all parts included; with nothing missing; full. | (adjective) Finished; ended; concluded; completed. | (adjective) Generic intensifier. | (adjective) (of a metric space) In which every Cauchy sequence converges to a point within the space. | (adjective) (of a lattice) In which every set with a lower bound has a greatest lower bound. | (adjective) (of a category) In which all small limits exist. | (adjective) (of a proof system of a formal system with respect to a given semantics) In which every semantically valid well-formed formula is provable. | (adjective) (of a problem) That is in a given complexity class and is such that every other problem in the class can be reduced to it (usually in polynomial time or logarithmic space).
completely,(adverb) (manner) In a complete manner | (adverb) (degree) To the fullest extent or degree; totally.
complex,"(noun) A network of interconnected systems. | (noun) A collection of buildings with a common purpose, such as a university or military base. | (noun) An assemblage of related things; a collection. | (noun) An abnormal mental condition caused by repressed emotions. | (noun) (by extension) A vehement, often excessive psychological dislike or fear of a particular thing. | (noun) A structure consisting of a central atom or molecule weakly connected to surrounding atoms or molecules. | (noun) A complex number. | (verb) To form a complex with another substance | (verb) To complicate. | (adjective) Made up of multiple parts; composite; not simple. | (adjective) Not simple, easy, or straightforward; complicated. | (adjective) (of a number) Having the form a + bi, where a and b are real numbers and i is (by definition) the imaginary square root of −1. | (adjective) (of a function) Whose range is a subset of the complex numbers. | (adjective) Whose coefficients are complex numbers; defined over the field of complex numbers. | (adjective) A curve, polygon or other figure that crosses or intersects itself."
concern,"(noun) That which affects one’s welfare or happiness. A matter of interest to someone. The adposition before the matter of interest is usually over, about or for. | (noun) The expression of solicitude, anxiety, or compassion toward a thing or person. | (noun) A business, firm or enterprise; a company. | (noun) Any set of information that affects the code of a computer program. | (verb) To relate or belong to; to have reference to or connection with; to affect the interest of; to be of importance to. | (verb) To engage by feeling or sentiment; to interest. | (verb) To make somebody worried."
condition,"(noun) A logical clause or phrase that a conditional statement uses. The phrase can either be true or false. | (noun) A requirement or requisite. | (noun) A clause in a contract or agreement indicating that a certain contingency may modify the principal obligation in some way. | (noun) The health status of a medical patient. | (noun) The state or quality. | (noun) A particular state of being. | (noun) The situation of a person or persons, particularly their social and/or economic class, rank. | (verb) To subject to the process of acclimation. | (verb) To subject to different conditions, especially as an exercise. | (verb) To place conditions or limitations upon. | (verb) To shape the behaviour of someone to do something. | (verb) To treat (the hair) with hair conditioner. | (verb) To contract; to stipulate; to agree. | (verb) To test or assay, as silk (to ascertain the proportion of moisture it contains). | (verb) (colleges) To put under conditions; to require to pass a new examination or to make up a specified study, as a condition of remaining in one's class or in college. | (verb) To impose upon an object those relations or conditions without which knowledge and thought are alleged to be impossible."
conference,"(noun) The act of consulting together formally; serious conversation or discussion; interchange of views. | (noun) A multilateral diplomatic negotiation. | (noun) A formal event where scientists present their research results in speeches, workshops, posters or by other means. | (noun) An event organized by a for-profit or non-profit organization to discuss a pressing issue, such as a new product, market trend or government regulation, with a range of speakers. | (noun) A group of sports teams that play each other on a regular basis. | (noun) A constituent tournament of a sports league in a given season. | (noun) The act of comparing two or more things together; comparison. | (noun) (Methodist Church) A stated meeting of preachers and others, invested with authority to take cognizance of ecclesiastical matters. | (noun) A voluntary association of Congregational churches of a district; the district in which such churches are. | (verb) To assess (a student) by one-on-one conversation, rather than an examination."
confidence,(noun) Self-assurance. | (noun) A feeling of certainty; firm trust or belief; faith. | (noun) Information held in secret. | (noun) Boldness; presumption.
confirm,(verb) To strengthen; to make firm or resolute. | (verb) To administer the sacrament of confirmation on (someone). | (verb) To assure the accuracy of previous statements.
conflict,"(noun) A clash or disagreement, often violent, between two or more opposing groups or individuals. | (noun) An incompatibility, as of two things that cannot be simultaneously fulfilled. | (verb) To be at odds (with); to disagree or be incompatible | (verb) To overlap (with), as in a schedule."
confuse,"(verb) To puzzle, perplex, baffle, bewilder (somebody). | (verb) To mix up, muddle up (one thing with another); to mistake (one thing for another). | (verb) To mix thoroughly; to confound; to disorder. | (verb) To make uneasy and ashamed; to embarrass. | (verb) To rout; discomfit. | (verb) To be confused."
congress,"(noun) A coming together of two or more people; a meeting. | (noun) A formal gathering or assembly; a conference held to discuss or decide on a specific question. | (noun) (often capitalized: Congress) A legislative body of a state, originally the bicameral legislature of the United States of America. | (noun) An association, especially one consisting of other associations or representatives of interest groups. | (noun) Coitus; sexual intercourse. | (verb) To assemble together. | (verb) To meet in a congress."
connect,"(verb) (of an object) To join (to another object): to attach, or to be intended to attach or capable of attaching, to another object. | (verb) (of two objects) To join: to attach, or to be intended to attach or capable of attaching, to each other. | (verb) (of an object) To join (two other objects), or to join (one object) to (another object): to be a link between two objects, thereby attaching them to each other. | (verb) (of a person) To join (two other objects), or to join (one object) to (another object): to take one object and attach it to another. | (verb) To join an electrical or telephone line to a circuit or network. | (verb) To associate; to establish a relation between. | (verb) To make a travel connection; to switch from one means of transport to another as part of the same trip."
connection,"(noun) The act of connecting. | (noun) The point at which two or more things are connected. | (noun) A feeling of understanding and ease of communication between two or more people. | (noun) An established communications or transportation link. | (noun) A transfer from one transportation vehicle to another in scheduled transportation service | (noun) A kinship relationship between people. | (noun) An individual who is related to oneself, through either family or business. | (noun) A set of sets that contains the empty set, all one-element sets for any element that is included in any of the sets, and the union of any group of sets that are elements where the intersections of those sets is non-empty. | (noun) Coherence; lack of disjointedness | (noun) The description for a Methodist denomination as a whole, as opposed to its constituent churches, circuits, districts and conferences. | (noun) Sexual intercourse"
conscious,"(noun) The part of the mind that is aware of itself; the consciousness. | (adjective) Alert, awake; with one's mental faculties active. | (adjective) Aware of one's own existence; aware of one's own awareness. | (adjective) Aware of, sensitive to; observing and noticing, or being strongly interested in or concerned about. | (adjective) Deliberate, intentional, done with awareness of what one is doing. | (adjective) Known or felt personally, internally by a person. | (adjective) Self-conscious."
consequence,"(noun) That which follows something on which it depends; that which is produced by a cause. | (noun) A result of actions, especially if such a result is unwanted or unpleasant. | (noun) A proposition collected from the agreement of other previous propositions; any conclusion which results from reason or argument; inference. | (noun) Chain of causes and effects; consecution. | (noun) Importance with respect to what comes after. | (noun) The power to influence or produce an effect. | (noun) (especially when preceded by ""of"") Importance, value, or influence. | (verb) To threaten or punish (a child, etc.) with specific consequences for misbehaviour."
conservative,"(noun) A person who favors maintenance of the status quo. | (adjective) Cautious. | (adjective) Tending to resist change or innovation. | (adjective) Based on pessimistic assumptions. | (adjective) Supporting some combination of fiscal, political or social conservatism. | (adjective) Relating to the Conservative Party. | (adjective) Neither creating nor destroying a given quantity. | (adjective) Having power to preserve in a safe or entire state, or from loss, waste, or injury; preservative. | (adjective) Relating to Conservative Judaism. | (adjective) (clothing) Conventional, traditional, and moderate in style and appearance; not extreme, excessive, faddish, or intense. | (adjective) Not including any operation or intervention (said of a treatment, see conservative treatment)"
consider,(verb) To think about seriously. | (verb) To think about something seriously or carefully: to deliberate. | (verb) To think of doing. | (verb) (ditransitive) To assign some quality to. | (verb) To look at attentively. | (verb) To take up as an example. | (verb) (parliamentary procedure) To debate (or dispose of) a motion. | (verb) To have regard to; to take into view or account; to pay due attention to; to respect.
considerable,"(noun) A thing to be considered, consideration. | (adjective) Significant; worth considering. | (adjective) Large in amount."
consist,"(verb) To be. | (verb) To exist. | (verb) (with in) To be comprised or contained. | (verb) (with of) To be composed, formed, or made up (of). | (noun) A lineup or sequence of railroad carriages or cars, with or without a locomotive, that form a unit."
constant,"(noun) That which is permanent or invariable. | (noun) A quantity that remains at a fixed value throughout a given discussion. | (noun) Any property of an experiment, determined numerically, that does not change under given circumstances. | (noun) An identifier that is bound to an invariant value; a fixed value given a name to aid in readability of source code. | (adjective) Unchanged through time or space; permanent. | (adjective) Consistently recurring over time; persistent. | (adjective) Steady in purpose, action, feeling, etc. | (adjective) Firm; solid; not fluid. | (adjective) Consistent; logical. | (adjective) (complexity theory) Bounded above by a constant."
construct,"(noun) Something constructed from parts. | (noun) A concept or model. | (noun) (genetics) A segment of nucleic acid, created artificially, for transplantation into a target cell or tissue. | (verb) To build or form (something) by assembling parts. | (verb) To build (a sentence, an argument, etc.) by arranging words or ideas. | (verb) To draw (a geometric figure) by following precise specifications and using geometric tools and techniques."
consultant,"(noun) A person or party that is consulted | (noun) A person whose occupation is to be consulted for their expertise, advice, or help in an area or specialty; a party whose business is to be similarly consulted"
contain,(verb) To hold inside. | (verb) To include as a part. | (verb) To put constraint upon; to restrain; to confine; to keep within bounds. | (verb) (of a set etc.) To have as an element or subset. | (verb) To restrain desire; to live in continence or chastity.
container,"(noun) Someone who contains; something that contains. | (noun) An item in which objects, materials or data can be stored or transported. | (noun) A very large, typically metal, box used for transporting goods. | (noun) (by extension) Someone who holds people in their seats or in a (reasonably) calm state. | (noun) A file format that can hold various types of data. | (noun) An abstract data type whose instances are collections of other objects. | (noun) Any user interface component that can hold further (child) components."
content,"(noun) (except in phrases) Satisfaction, contentment; pleasure. | (verb) To give contentment or satisfaction; to satisfy; to make happy. | (verb) To satisfy the expectations of; to pay; to requite | (adjective) Satisfied | (interjection) Alright, agreed | (noun) That which is contained. | (noun) Subject matter; that which is contained in writing or speech. | (noun) The amount of material contained; contents | (noun) Capacity for holding | (noun) The n-dimensional space contained by an n-dimensional polytope (called volume in the case of a polyhedron and area in the case of a polygon) | (noun) (of a polynomial with coefficients in a GCD domain) the greatest common divisor of the coefficients; (of a polynomial with coefficients in an integral domain) the common factor of the coefficients which, when removed, leaves the adjusted coefficients with no common factor that is noninvertible | (noun) Satisfaction; contentment. | (noun) Acquiescence without examination | (noun) That which contents or satisfies; that which if attained would make one happy. | (noun) (House of Lords) an expression of assent to a bill or motion; an affirmate vote | (noun) (House of Lords) a member who votes in assent | (adjective) Contained."
contest,"(noun) Controversy; debate. | (noun) Struggle for superiority; combat. | (noun) A competition. | (verb) To contend. | (verb) To call into question; to oppose. | (verb) To strive earnestly to hold or maintain; to struggle to defend. | (verb) To make a subject of litigation; to defend, as a suit; to dispute or resist, as a claim, by course of law."
context,"(noun) The surroundings, circumstances, environment, background or settings that determine, specify, or clarify the meaning of an event or other occurrence. | (noun) The text in which a word or passage appears and which helps ascertain its meaning. | (noun) The surroundings and environment in which an artifact is found and which may provide important clues about the artifact's function and/or cultural meaning. | (noun) The trama or flesh of a mushroom. | (noun) For a formula: a finite set of variables, which set contains all the free variables in the given formula. | (verb) To knit or bind together; to unite closely. | (adjective) Knit or woven together; close; firm."
continue,"(noun) An option allowing a gamer to resume play after game over, when all lives have been lost. | (noun) A statement which causes a loop to start executing the next iteration, skipping the statements following it. | (verb) To proceed with (doing an activity); to prolong (an activity). | (verb) To make last; to prolong. | (verb) To retain (someone or something) in a given state, position, etc. | (verb) To remain in a given place or condition; to remain in connection with; to abide; to stay. | (verb) To resume. | (verb) To adjourn, prorogue, put off. | (verb) To make a continuation bet."
contract,"(noun) An agreement between two or more parties, to perform a specific job or work order, often temporary or of fixed duration and usually governed by a written agreement. | (noun) An agreement which the law will enforce in some way. A legally binding contract must contain at least one promise, i.e., a commitment or offer, by an offeror to and accepted by an offeree to do something in the future. A contract is thus executory rather than executed. | (noun) A part of legal studies dealing with laws and jurisdiction related to contracts. | (noun) An order, usually given to a hired assassin, to kill someone. | (noun) The declarer's undertaking to win the number of tricks bid with a stated suit as trump. | (adjective) Contracted; affianced; betrothed. | (adjective) Not abstract; concrete. | (verb) To draw together or nearer; to shorten, narrow, or lessen. | (verb) (grammar) To shorten by omitting a letter or letters or by reducing two or more vowels or syllables to one. | (verb) To enter into a contract with. | (verb) To enter into, with mutual obligations; to make a bargain or covenant for. | (verb) To make an agreement or contract; to covenant; to agree; to bargain. | (verb) To bring on; to incur; to acquire. | (verb) To gain or acquire (an illness). | (verb) To draw together so as to wrinkle; to knit. | (verb) To betroth; to affiance."
contrast,"(noun) A difference in lightness, brightness and/or hue between two colours that makes them more or less distinguishable. | (noun) A difference between two objects, people or concepts. | (noun) Antithesis. | (verb) To set in opposition in order to show the difference or differences between. | (verb) To form a contrast."
contribute,(verb) To give something that is or becomes part of a larger whole.
control,"(noun) Influence or authority over something. | (noun) A separate group or subject in an experiment against which the results are compared where the primary variable is low or non-existent. | (noun) The method and means of governing the performance of any apparatus, machine or system, such as a lever, handle or button. | (noun) Restraint or ability to contain one's movements or emotions, or self-control. | (noun) A security mechanism, policy, or procedure that can counter system attack, reduce risks, and resolve vulnerabilities; a safeguard or countermeasure. | (noun) (project management) A means of monitoring for, and triggering intervention in, activities that are not going according to plan. | (noun) A duplicate book, register, or account, kept to correct or check another account or register. | (noun) An interface element that a computer user interacts with, such as a window or a text box. | (noun) Any of the physical factors determining the climate of a place, such as latitude, distribution of land and water, altitude, exposure, prevailing winds, permanent high- or low-barometric-pressure areas, ocean currents, mountain barriers, soil, and vegetation. | (noun) A construction in which the understood subject of a given predicate is determined by an expression in context. See control. | (verb) To exercise influence over; to suggest or dictate the behavior of. | (verb) (construed with for) To design (an experiment) so that the effects of one or more variables are reduced or eliminated."
controversy,(noun) A debate or discussion of opposing opinions; (generally) strife.
convention,"(noun) A meeting or gathering. | (noun) A formal deliberative assembly of mandated delegates. | (noun) The convening of a formal meeting. | (noun) A formal agreement, contract or pact. | (noun) A treaty or supplement to such. | (noun) A practice or procedure widely observed in a group, especially to facilitate social interaction; a custom."
could,"(verb) (auxiliary verb, defective) To know how to; to be able to. | (verb) (modal auxiliary verb, defective) May; to be permitted or enabled to. | (verb) (modal auxiliary verb, defective) To have the potential to; be possible. | (verb) (auxiliary verb, defective) Used with verbs of perception. | (verb) To know. | (noun) Something that could happen, or could be the case, under different circumstances; a potentiality."
crack,"(noun) A thin and usually jagged space opened in a previously solid material. | (noun) A narrow opening. | (noun) A sharply humorous comment; a wisecrack. | (noun) Crack cocaine, a potent, relatively cheap, addictive variety of cocaine; often a rock, usually smoked through a crack-pipe. | (noun) The sharp sound made when solid material breaks. | (noun) Any sharp sound. | (noun) A sharp, resounding blow. | (noun) An attempt at something. | (noun) Vagina. | (noun) The space between the buttocks. | (noun) Conviviality; fun; good conversation, chat, gossip, or humorous storytelling; good company. | (noun) Business; events; news. | (noun) A program or procedure designed to circumvent restrictions or usage limits on software. | (noun) (elsewhere throughout the North of the UK) a meaningful chat. | (noun) Extremely silly, absurd or off-the-wall ideas or prose. | (noun) The tone of voice when changed at puberty. | (noun) A mental flaw; a touch of craziness; partial insanity. | (noun) A crazy or crack-brained person. | (noun) A boast; boasting. | (noun) Breach of chastity. | (noun) A boy, generally a pert, lively boy. | (noun) A brief time; an instant; a jiffy. | (verb) To form cracks. | (verb) To break apart under pressure. | (verb) To become debilitated by psychological pressure. | (verb) To break down or yield, especially under interrogation or torture. | (verb) To make a cracking sound. | (verb) (of a voice) To change rapidly in register. | (verb) (of a pubescent boy's voice) To alternate between high and low register in the process of eventually lowering. | (verb) To make a sharply humorous comment. | (verb) To make a crack or cracks in. | (verb) To break open or crush to small pieces by impact or stress. | (verb) To strike forcefully. | (verb) To open slightly. | (verb) To cause to yield under interrogation or other pressure. (Figurative) | (verb) To solve a difficult problem. (Figurative, from cracking a nut.) | (verb) To overcome a security system or a component. | (verb) To cause to make a sharp sound. | (verb) To tell (a joke). | (verb) To break down (a complex molecule), especially with the application of heat: to pyrolyse. | (verb) To circumvent software restrictions such as regional coding or time limits. | (verb) To open a canned beverage, or any packaged drink or food. | (verb) To brag, boast. | (verb) To be ruined or impaired; to fail. | (adjective) Highly trained and competent. | (adjective) Excellent, first-rate, superior, top-notch."
demonstrate,"(verb) To show how to use (something). | (verb) To show the steps taken to create a logical argument or equation. | (verb) To participate in or organize a demonstration. | (verb) To show, display, or present; to prove or make evident"
deserve,"(verb) To be entitled to, as a result of past actions; to be worthy to have. | (verb) To earn, win. | (verb) To reward, to give in return for service. | (verb) To serve; to treat; to benefit."
despite,"(noun) Disdain, contemptuous feelings, hatred. | (noun) Action or behaviour displaying such feelings; an outrage, insult. | (noun) Evil feeling; malice, spite. | (verb) To vex; to annoy; to offend contemptuously. | (preposition) In spite of, notwithstanding, regardless of."
devote,"(verb) To give one's time, focus one's efforts, commit oneself, etc. entirely for, on, or to a certain matter | (verb) To consign over; to doom | (verb) To execrate; to curse | (adjective) Devoted; addicted; devout"
die,"(verb) To stop living; to become dead; to undergo death. | (verb) To (stop living and) undergo (a specified death). | (verb) To yearn intensely. | (verb) To be or become hated or utterly ignored or cut off, as if dead. | (verb) To become spiritually dead; to lose hope. | (verb) To be mortified or shocked by a situation. | (verb) To be so overcome with emotion or laughter as to be incapacitated. | (verb) (of a machine) To stop working, to break down. | (verb) (of a computer program) To abort, to terminate (as an error condition). | (verb) To perish; to cease to exist; to become lost or extinct. | (verb) To sink; to faint; to pine; to languish, with weakness, discouragement, love, etc. | (verb) (often with ""to"") To become indifferent; to cease to be subject. | (verb) To disappear gradually in another surface, as where mouldings are lost in a sloped or curved face. | (verb) To become vapid, flat, or spiritless, as liquor. | (verb) (of a stand-up comedian or a joke) To fail to evoke laughter from the audience. | (noun) A regular polyhedron, usually a cube, with numbers or symbols on each side and used in games of chance. | (noun) That which is, or might be, determined, by a throw of the die; hazard; chance. | (noun) (plural also dies) An oblong chip fractured from a semiconductor wafer engineered to perform as an independent device or integrated circuit. | (noun) The cubical part of a pedestal; a plinth. | (noun) A device for cutting into a specified shape. | (noun) A device used to cut an external screw thread. (Internal screw threads are cut with a tap.) | (noun) A mold for forming metal or plastic objects. | (noun) An embossed device used in stamping coins and medals. | (noun) (plural also dice) An oblong chip fractured from a semiconductor wafer engineered to perform as an independent device or integrated circuit. | (noun) Any small cubical or square body. | (noun) A colourant, especially one that has an affinity to the substrate to which it is applied. | (noun) Any hue, color, or blee. | (verb) To colour with dye, or as if with dye."
diet,"(noun) The food and beverage a person or animal consumes. | (noun) A controlled regimen of food and drink, as to gain or lose weight or otherwise influence health. | (noun) (by extension) Any habitual intake or consumption. | (adjective) (of a food or beverage) Containing less fat, salt, sugar, or calories than normal, or claimed to have such. | (adjective) Having certain traits subtracted. | (verb) To regulate the food of (someone); to put on a diet. | (verb) To modify one's food and beverage intake so as to decrease or increase body weight or influence health. | (verb) To eat; to take one's meals. | (verb) To cause to take food; to feed. | (noun) (usually capitalized as a proper noun) A council or assembly of leaders; a formal deliberative assembly. | (noun) A session of exams | (noun) The proceedings under a criminal libel. | (noun) A clerical or ecclesiastical function in Scotland."
dimension,"(noun) A single aspect of a given thing. | (noun) A measure of spatial extent in a particular direction, such as height, width or breadth, or depth. | (noun) A construct whereby objects or individuals can be distinguished. | (noun) The number of independent coordinates needed to specify uniquely the location of a point in a space; also, any of such independent coordinates. | (noun) The number of elements of any basis of a vector space. | (noun) One of the physical properties that are regarded as fundamental measures of a physical quantity, such as mass, length and time. | (noun) Any of the independent ranges of indices in a multidimensional array. | (noun) A universe or plane of existence. | (verb) To mark, cut or shape something to specified dimensions."
discuss,"(verb) To converse or debate concerning a particular topic. | (verb) To communicate, tell, or disclose (information, a message, etc.). | (verb) To break to pieces; to shatter. | (verb) To deal with, in eating or drinking; consume. | (verb) To examine or search thoroughly; to exhaust a remedy against, as against a principal debtor before proceeding against the surety. | (verb) To drive away, disperse, shake off; said especially of tumors."
dive,"(noun) A jump or plunge into water. | (noun) A headfirst jump toward the ground or into another substance. | (noun) A downward swooping motion. | (noun) A swim under water. | (noun) A decline. | (noun) A seedy bar, nightclub, etc. | (noun) Aerial descent with the nose pointed down. | (noun) A deliberate fall after a challenge. | (verb) To swim under water. | (verb) To jump into water head-first. | (verb) To jump headfirst toward the ground or into another substance. | (verb) To descend sharply or steeply. | (verb) (especially with in) To undertake with enthusiasm. | (verb) To deliberately fall down after a challenge, imitating being fouled, in the hope of getting one's opponent penalised. | (verb) To cause to descend, dunk; to plunge something into water. | (verb) To explore by diving; to plunge into. | (verb) To plunge or to go deeply into any subject, question, business, etc.; to penetrate; to explore. | (noun) Any female celebrity, usually a well known singer or actress. | (noun) A person who may be considered or who considers herself (or by extension himself) much more important than others, has high expectations of others and who is extremely demanding and fussy when it comes to personal privileges. | (noun) A supernatural entity of disagreeable nature."
doctor,"(noun) A physician; a member of the medical profession; one who is trained and licensed to heal the sick or injured. The final examination and qualification may award a doctor degree in which case the post-nominal letters are D.O., DPM, M.D., DMD, DDS, in the US or MBBS in the UK. | (noun) A person who has attained a doctorate, such as a Ph.D. or Th.D. or one of many other terminal degrees conferred by a college or university. | (noun) A veterinarian; a medical practitioner who treats non-human animals. | (noun) A nickname for a person who has special knowledge or talents to manipulate or arrange transactions. | (noun) A teacher; one skilled in a profession or a branch of knowledge; a learned man. | (noun) Any mechanical contrivance intended to remedy a difficulty or serve some purpose in an exigency. | (noun) A fish, the friar skate. | (verb) To act as a medical doctor to. | (verb) To act as a medical doctor. | (verb) To make (someone) into an (academic) doctor; to confer a doctorate upon. | (verb) To physically alter (medically or surgically) a living being in order to change growth or behavior. | (verb) To genetically alter an extant species. | (verb) To alter or make obscure, as with the intention to deceive, especially a document. | (verb) To take medicine."
draw,"(noun) The result of a contest that neither side has won; a tie. | (noun) The procedure by which the result of a lottery is determined. | (noun) Something that attracts e.g. a crowd. | (noun) The result of a two-innings match in which at least one side did not complete all their innings before time ran out (as distinguished from a tie). | (noun) A golf shot that (for the right-handed player) curves intentionally to the left. See hook, slice, fade. | (noun) A shot that is intended to land gently in the house (the circular target) without knocking out other stones; cf. takeout. | (noun) A dry stream bed that drains surface water only during periods of heavy rain or flooding. | (noun) A bag of cannabis. | (noun) Cannabis. | (noun) In a commission-based job, an advance on future (potential) commissions given to an employee by the employer. | (noun) A situation in which one or more players has four cards of the same suit or four out of five necessary cards for a straight and requires a further card to make their flush or straight. | (noun) The act of pulling back the strings in preparation of firing. | (noun) The spin or twist imparted to a ball etc. by a drawing stroke. | (verb) To move or develop something. | (verb) To exert or experience force. | (verb) (fluidic) To remove or separate or displace. | (verb) To change in size or shape. | (verb) To attract or be attracted. | (verb) (usually as draw on or draw upon) To rely on; utilize as a source. | (verb) To disembowel. | (verb) To end a game in a draw (with neither side winning). | (verb) To choose by means of a random selection process. | (verb) To make a shot that lands gently in the house (the circular target) without knocking out other stones. | (verb) To play (a short-length ball directed at the leg stump) with an inclined bat so as to deflect the ball between the legs and the wicket. | (verb) To hit (the ball) with the toe of the club so that it is deflected toward the left. | (verb) To strike (the cue ball) below the center so as to give it a backward rotation which causes it to take a backward direction on striking another ball."
ear,"(noun) The organ of hearing, consisting of the pinna, auditory canal, eardrum, malleus, incus, stapes and cochlea. | (noun) The external part of the organ of hearing, the auricle. | (noun) A police informant. | (noun) The sense of hearing; the perception of sounds; skill or good taste in listening to music. | (noun) The privilege of being kindly heard; favour; attention. | (noun) That which resembles in shape or position the ear of an animal; a prominence or projection on an object, usually for support or attachment; a lug; a handle. | (noun) An acroterium. | (noun) A crossette. | (verb) To take in with the ears; to hear. | (verb) To hold by the ears. | (noun) The fruiting body of a grain plant. | (verb) To put forth ears in growing; to form ears, as grain does. | (verb) To plough."
early,"(noun) A shift (scheduled work period) that takes place early in the day. | (adjective) At a time in advance of the usual or expected event. | (adjective) Arriving a time before expected; sooner than on time. | (adjective) Near the start or beginning. | (adjective) Having begun to occur; in its early stages. | (adjective) Of a star or class of stars, hotter than the sun. | (adverb) At a time before expected; sooner than usual. | (adverb) Soon; in good time; seasonably."
earn,"(verb) To gain (success, reward, recognition) through applied effort or work. | (verb) To receive payment for work. | (verb) To receive payment for work. | (verb) To cause (someone) to receive payment or reward. | (verb) To achieve by being worthy of. | (verb) To curdle, as milk. | (verb) To long; to yearn. | (verb) To grieve. | (noun) A sea eagle (Haliaeetus), especially the white-tailed eagle (Haliaeetus albicilla) | (noun) An eagle."
eastern,"(adjective) Of, facing, situated in, or related to the east. | (adjective) (of a wind) Blowing from the east; easterly. | (adjective) Oriental."
economy,"(noun) Effective management of a community or system, or especially its resources. | (noun) The study of money, currency and trade, and the efficient use of resources. | (noun) Frugal use of resources. | (noun) The system of production and distribution and consumption. The overall measure of a currency system; as the national economy. | (noun) The method of divine government of the world. (See w:Economy (religion).) | (noun) The part of a commercial passenger airplane or train reserved for those paying the lower standard fares; economy class. | (noun) Management of one’s residency. | (adjective) Cheap to run; using minimal resources; representing good value for money."
educate,(verb) To instruct or train
effect,"(noun) The result or outcome of a cause. | (noun) Impression left on the mind; sensation produced. | (noun) Execution; performance; realization; operation. | (noun) An illusion produced by technical means (as in ""special effect"") | (noun) (sound engineering) An alteration, or device for producing an alteration, in sound after it has been produced by an instrument. | (noun) (etc.) A scientific phenomenon, usually named after its discoverer. | (noun) (usually in the plural) Belongings, usually as personal effects. | (noun) Consequence intended; purpose; meaning; general intent; with to. | (noun) Reality; actual meaning; fact, as distinguished from mere appearance. | (noun) Manifestation; expression; sign. | (verb) To make or bring about; to implement."
effective,"(noun) A soldier fit for duty | (adjective) Having the power to produce a required effect or effects. | (adjective) Producing a decided or decisive effect. | (adjective) Efficient, serviceable, or operative, available for useful work. | (adjective) Actually in effect. | (adjective) (of a cycle or divisor) Having no negative coefficients. | (adjective) (for any effective theory) approximate; Not describing the fundamental dynamic changes in some system as they happen."
efficiency,"(noun) The extent to which time is well used for the intended task. | (noun) The quality of producing an effect or effects. | (noun) The extent to which a resource, such as electricity, is used for the intended purpose; the ratio of useful work to energy expended. | (noun) A one-room apartment."
efficient,"(noun) A cause; something that causes an effect | (adjective) Making good, thorough, or careful use of resources; not consuming extra. Especially, making good use of time or energy | (adjective) Expressing the proportion of consumed energy that was successfully used in a process; the ratio of useful output to total input | (adjective) Causing effects, producing results; bringing into being; initiating change (rare except in philosophical and legal expression efficient cause = causative factor or agent) | (adjective) (old use) effective"
elect,"(noun) One chosen or set apart. | (noun) In Calvinist theology, one foreordained to Heaven. In other Christian theologies, someone chosen by God for salvation. | (verb) To choose or make a decision (to do something) | (verb) To choose (a candidate) in an election | (adjective) Who has been elected in a specified post, but has not yet entered office. | (adjective) Chosen; taken by preference from among two or more."
election,"(noun) A process of choosing a leader, members of parliament, councillors or other representatives by popular vote. | (noun) The choice of a leader or representative by popular vote. | (noun) An option that is selected. | (noun) Any conscious choice. | (noun) In Calvinism, God's predestination of saints including all of the elect. | (noun) Those who are elected."
emotional,(adjective) Of or relating to the emotions. | (adjective) Characterised by emotion. | (adjective) Determined by emotion rather than reason. | (adjective) Appealing to or arousing emotion. | (adjective) Easily affected by emotion. | (adjective) Readily displaying emotion.
employment,"(noun) The work or occupation for which one is used, and often paid | (noun) The act of employing | (noun) A use, purpose | (noun) The state of being employed | (noun) An activity to which one devotes time | (noun) The number or percentage of people at work"
enemy,"(noun) Someone who is hostile to, feels hatred towards, opposes the interests of, or intends injury to someone else. | (noun) A hostile force or nation; a fighting member of such a force or nation. | (noun) Something harmful or threatening to another | (verb) To make an enemy of. | (adjective) Of, relating to, or belonging to an enemy"
energy,"(noun) The impetus behind all motion and all activity. | (noun) The capacity to do work. | (noun) A quantity that denotes the ability to do work and is measured in a unit dimensioned in mass × distance²/time² (ML²/T²) or the equivalent. | (noun) An intangible, modifiable force (often characterized as either 'positive' or 'negative') believed in some New Age religions to emanate from a person, place or thing and which is (or can be) preserved and transferred in human interactions; shared mood or group habit; a vibe, a feeling, an impression. (Compare aura.) | (noun) (often plural) The external actions and influences resulting from an entity’s internal nature (ousia) and by which it is made manifest, as opposed to that internal nature itself; the aspect of an entity that can affect the wider world and be apprehended by other beings. | (noun) A measure of how many actions a player or unit can take; in the fantasy genre often called magic points or mana."
engineer,"(noun) A person who is qualified or professionally engaged in any branch of engineering. | (noun) A title given to an engineer. | (noun) A person who controls motion of substance (such as a locomotive). | (noun) A person employed in the engine room of a ship. | (verb) To design, construct or manage something as an engineer. | (verb) To alter or construct something by means of genetic engineering. | (verb) To plan or achieve some goal by contrivance or guile; to wangle or finagle. | (verb) To control motion of substance; to change motion. | (verb) To work as an engineer."
equipment,"(noun) The act of equipping, or the state of being equipped, as for a voyage or expedition. | (noun) Whatever is used in equipping something or someone, for example things needed for an expedition or voyage."
error,"(noun) The state, quality, or condition of being wrong. | (noun) A mistake; an accidental wrong action or a false statement not made deliberately. | (noun) Sin; transgression. | (noun) A failure to complete a task, usually involving a premature termination. | (noun) The difference between a measured or calculated value and a true one. | (noun) A play which is scored as having been made incorrectly. | (noun) One or more mistakes in a trial that could be grounds for review of the judgement. | (noun) Any alteration in the DNA chemical structure occurring during DNA replication, recombination or repairing. | (verb) To function improperly due to an error, especially accompanied by error message. | (verb) To show or contain an error or fault. | (verb) To err."
especially,(adverb) (manner) In a special manner; specially. | (adverb) (focus) Particularly; to a greater extent than is normal. | (adverb) (focus) Used to place greater emphasis upon someone or something.
estate,"(noun) The collective property and liabilities of someone, especially a deceased person. | (noun) State; condition. | (noun) Status, rank. | (noun) The condition of one's fortunes; prosperity, possessions. | (noun) A ""person of estate""; a nobleman or noblewoman. | (noun) A major social class or order of persons regarded collectively as part of the body politic of the country and formerly possessing distinct political rights (Estates of the realm). | (noun) The nature and extent of a person's interest in, or ownership of, land. | (noun) An (especially extensive) area of land, under a single ownership. | (noun) The landed property owned or controlled by a government or a department of government. | (noun) (sometimes derogatory) A housing estate. | (noun) A station wagon; a car with a tailgate (or liftgate) and storage space to the rear of the seating which is coterminous with the passenger compartment (and often extensible into that compartment via folding or removable seating). | (noun) The state; the general body politic; the common-wealth; the general interest; state affairs. | (verb) To give an estate to. | (verb) To bestow upon. | (adjective) (jewelry) Previously owned; secondhand."
even,"(noun) (diminutive) An even number. | (verb) To make flat and level. | (verb) To equal. | (verb) To be equal. | (verb) To place in an equal state, as to obligation, or in a state in which nothing is due on either side; to balance, as accounts; to make quits. | (verb) To set right; to complete. | (verb) To act up to; to keep pace with. | (adjective) Flat and level. | (adjective) Without great variation. | (adjective) Equal in proportion, quantity, size, etc. | (adjective) (of an integer) Divisible by two. | (adjective) (of a number) Convenient for rounding other numbers to; for example, ending in a zero. | (adjective) On equal monetary terms; neither owing nor being owed. | (adjective) On equal terms of a moral sort; quits. | (adjective) Parallel; on a level; reaching the same limit. | (adjective) Without an irregularity, flaw, or blemish; pure. | (adjective) Associate; fellow; of the same condition. | (adverb) Exactly, just, fully. | (adverb) In reality; implying an extreme example in the case mentioned, as compared to the implied reality. | (adverb) Emphasizing a comparative. | (adverb) Signalling a correction of one's previous utterance; rather, that is. | (noun) Evening."
evidence,"(noun) Facts or observations presented in support of an assertion. | (noun) Anything admitted by a court to prove or disprove alleged matters of fact in a trial. | (noun) One who bears witness. | (noun) A body of objectively verifiable facts that are positively indicative of, and/or exclusively concordant with, that one conclusion over any other. | (verb) To provide evidence for, or suggest the truth of."
exceed,"(verb) To be larger, greater than (something). | (verb) To be better than (something). | (verb) To go beyond (some limit); to surpass; to be longer than. | (verb) To predominate. | (verb) To go too far; to be excessive."
execute,"(verb) To kill as punishment for capital crimes. | (verb) To carry out; to put into effect. | (verb) To perform. | (verb) To carry out, to perform an act; to put into effect or cause to become legally binding or valid (as a contract) by so doing. | (verb) To start, launch or run | (verb) To run, usually successfully."
export,(noun) Something that is exported | (noun) The act of exporting | (verb) To carry away | (verb) To sell (goods) to a foreign country | (verb) To cause to spread in another part of the world | (verb) : to send (data) from one program to another | (verb) To put up (a child) for international adoption. | (adjective) Of or relating to exportation or exports
extent,"(noun) A range of values or locations. | (noun) The space, area, volume, etc., to which something extends. | (noun) A contiguous area of storage in a file system. | (noun) The valuation of property. | (noun) A writ directing the sheriff to seize the property of a debtor, for the recovery of debts of record due to the Crown. | (adjective) Extended."
eye,"(noun) An organ through which animals see (perceive surroundings via light). | (noun) The visual sense. | (noun) The iris of the eye, being of a specified colour. | (noun) Attention, notice. | (noun) The ability to notice what others might miss. | (noun) A meaningful stare or look. | (noun) A private eye: a privately hired detective or investigator. | (noun) A hole at the blunt end of a needle through which thread is passed. | (noun) The oval hole of an axehead through which the axehandle is fitted. | (noun) A fitting consisting of a loop of metal or other material, suitable for receiving a hook or the passage of a cord or line. | (noun) The relatively clear and calm center of a hurricane or other cyclonic storm. | (noun) A mark on an animal, such as a peacock or butterfly, resembling a human eye. | (noun) The dark spot on a black-eyed pea. | (noun) A reproductive bud in a potato. | (noun) The dark brown center of a black-eyed Susan flower. | (noun) A loop forming part of anything, or a hole through anything, to receive a rope, hook, pin, shaft, etc. — e.g. at the end of a tie bar in a bridge truss; through a crank; at the end of a rope; or through a millstone. | (noun) That which resembles the eye in relative importance or beauty. | (noun) Tinge; shade of colour. | (noun) One of the holes in certain kinds of cheese. | (noun) The circle in the centre of a volute. | (noun) The enclosed counter (negative space) of the small letter e. | (noun) (game of go) An empty point or group of points surrounded by one player's stones. | (noun) (usually plural) View or opinion. | (verb) To observe carefully or appraisingly. | (verb) To appear; to look. | (noun) A brood."
fact,"(noun) Something actual as opposed to invented. | (noun) Something which is real. | (noun) Something concrete used as a basis for further interpretation. | (noun) An objective consensus on a fundamental reality that has been agreed upon by a substantial number of experts. | (noun) Information about a particular subject, especially actual conditions and/or circumstances. | (noun) An individual value or measurement at the lowest level of granularity in a data warehouse. | (noun) Action; the realm of action. | (noun) A wrongful or criminal deed. | (noun) A feat or meritorious deed. | (interjection) Used before making a statement to introduce it as a trustworthy one."
fast,"(noun) A train that calls at only some stations it passes between its origin and destination, typically just the principal stations | (adjective) Firmly or securely fixed in place; stable. | (adjective) Firm against attack; fortified by nature or art; impregnable; strong. | (adjective) (of people) Steadfast, with unwavering feeling. (Now mostly in set phrases like fast friend(s).) | (adjective) Moving with great speed, or capable of doing so; swift, rapid. | (adjective) Causing unusual rapidity of play or action. | (adjective) (of a piece of hardware) Able to transfer data in a short period of time. | (adjective) Deep or sound (of sleep); fast asleep (of people). | (adjective) (of dyes or colours) Not running or fading when subjected to detrimental conditions such as wetness or intense light; permanent. | (adjective) Tenacious; retentive. | (adjective) Having an extravagant lifestyle or immoral habits. | (adjective) Ahead of the correct time or schedule. | (adjective) (of photographic film) More sensitive to light than average. | (adverb) In a firm or secure manner, securely; in such a way as not to be moved; safe, sound . | (adverb) (of sleeping) Deeply or soundly . | (adverb) Immediately following in place or time; close, very near . | (adverb) Quickly, with great speed; within a short time . | (adverb) Ahead of the correct time or schedule. | (interjection) Short for ""stand fast"", a warning not to pass between the arrow and the target | (noun) The act or practice of abstaining from food or of eating very little food. | (noun) The period of time during which one abstains from or eats very little food. | (verb) To restrict one’s personal consumption, generally of food, but sometimes other things, in various manners (totally, temporally, by avoiding particular items), often for religious or medical reasons."
few,"(pronoun) Few people, few things."
fix,"(noun) A repair or corrective action. | (noun) A difficult situation; a quandary or dilemma; a predicament. | (noun) A single dose of an addictive drug administered to a drug user. | (noun) A prearrangement of the outcome of a supposedly competitive process, such as a sporting event, a game, an election, a trial, or a bid. | (noun) A determination of location. | (noun) Fettlings (mixture used to line a furnace) | (verb) To pierce; now generally replaced by transfix. | (verb) To attach; to affix; to hold in place or at a particular time. | (verb) To mend, to repair. | (verb) To prepare (food or drink). | (verb) To make (a contest, vote, or gamble) unfair; to privilege one contestant or a particular group of contestants, usually before the contest begins; to arrange immunity for defendants by tampering with the justice system via bribery or extortion | (verb) To surgically render an animal, especially a pet, infertile. | (verb) (sematics) To map a (point or subset) to itself. | (verb) To take revenge on, to best; to serve justice on an assumed miscreant. | (verb) To render (a photographic impression) permanent by treating with such applications as will make it insensitive to the action of light. | (verb) To convert into a stable or available form. | (verb) To become fixed; to settle or remain permanently; to cease from wandering; to rest. | (verb) To become firm, so as to resist volatilization; to cease to flow or be fluid; to congeal; to become hard and malleable, as a metallic substance."
foot,"(noun) A biological structure found in many animals that is used for locomotion and that is frequently a separate organ at the terminal part of the leg. | (noun) Specifically, a human foot, which is found below the ankle and is used for standing and walking. | (noun) (often used attributively) Travel by walking. | (noun) The base or bottom of anything. | (noun) The part of a flat surface on which the feet customarily rest. | (noun) The end of a rectangular table opposite the head. | (noun) A short foot-like projection on the bottom of an object to support it. | (noun) A unit of measure equal to twelve inches or one third of a yard, equal to exactly 30.48 centimetres. | (noun) A unit of measure for organ pipes equal to the wavelength of two octaves above middle C, approximately 328 mm. | (noun) (collective) Foot soldiers; infantry. | (noun) (cigars) The end of a cigar which is lit, and usually cut before lighting. | (noun) The part of a sewing machine which presses downward on the fabric, and may also serve to move it forward. | (noun) The bottommost part of a typed or printed page. | (noun) The base of a piece of type, forming the sides of the groove. | (noun) The basic measure of rhythm in a poem. | (noun) The parsing of syllables into prosodic constituents, which are used to determine the placement of stress in languages along with the notions of constituent heads. | (noun) The bottom edge of a sail. | (noun) The end of a billiard or pool table behind the foot point where the balls are racked. | (noun) In a bryophyte, that portion of a sporophyte which remains embedded within and attached to the parent gametophyte plant. | (noun) The muscular part of a bivalve mollusc or a gastropod by which it moves or holds its position on a surface. | (noun) The globular lower domain of a protein. | (noun) The point of intersection of one line with another that is perpendicular to it. | (noun) Fundamental principle; basis; plan. | (noun) Recognized condition; rank; footing. | (verb) To use the foot to kick (usually a ball). | (verb) To pay (a bill). | (verb) To tread to measure or music; to dance; to trip; to skip. | (verb) To walk. | (verb) To tread. | (verb) To set on foot; to establish; to land. | (verb) To renew the foot of (a stocking, etc.). | (verb) To sum up, as the numbers in a column; sometimes with up."
for,No Definitions Found
get,"(noun) Offspring. | (noun) Lineage. | (noun) A difficult return or block of a shot. | (noun) Something gained; an acquisition. | (verb) (ditransitive) To obtain; to acquire. | (verb) To receive. | (verb) (in a perfect construction, with present-tense meaning) To have. See usage notes. | (verb) To fetch, bring, take. | (verb) To become, or cause oneself to become. | (verb) To cause to become; to bring about. | (verb) To cause to do. | (verb) To cause to come or go or move. | (verb) To cause to be in a certain status or position. | (verb) (with various prepositions, such as into, over, or behind; for specific idiomatic senses see individual entries get into, get over, etc.) To adopt, assume, arrive at, or progress towards (a certain position, location, state). | (verb) To cover (a certain distance) while travelling. | (verb) To begin (doing something or to do something). | (verb) To take or catch (a scheduled transportation service). | (verb) To respond to (a telephone call, a doorbell, etc). | (verb) (followed by infinitive) To be able, be permitted, or have the opportunity (to do something desirable or ironically implied to be desirable). | (verb) To understand. (compare get it) | (verb) To be told; be the recipient of (a question, comparison, opinion, etc.). | (verb) To be. Used to form the passive of verbs. | (verb) To become ill with or catch (a disease). | (verb) To catch out, trick successfully. | (verb) To perplex, stump. | (verb) To find as an answer. | (verb) To bring to reckoning; to catch (as a criminal); to effect retribution. | (verb) To hear completely; catch. | (verb) To getter. | (verb) To beget (of a father). | (verb) To learn; to commit to memory; to memorize; sometimes with out. | (verb) Used with a personal pronoun to indicate that someone is being pretentious or grandiose. | (verb) To go, to leave; to scram. | (verb) To kill. | (verb) To make acquisitions; to gain; to profit. | (verb) To measure. | (noun) A git. | (noun) A Jewish writ of divorce."
gift,"(noun) Something given to another voluntarily, without charge. | (noun) A talent or natural ability. | (noun) Something gained incidentally, without effort. | (noun) The act, right, or power of giving or bestowing. | (verb) To give as a gift or donation. | (verb) To give away, to concede easily."
grow,"(verb) To become larger, to increase in magnitude. | (verb) To appear or sprout. | (verb) To develop, to mature. | (verb) To cause or allow something to become bigger, especially to cultivate plants. | (verb) To assume a condition or quality over time. | (verb) To become attached or fixed; to adhere."
guess,"(verb) To reach a partly (or totally) unqualified conclusion. | (verb) To solve by a correct conjecture; to conjecture rightly. | (verb) To suppose (introducing a proposition of uncertain plausibility). | (verb) To think, conclude, or decide (without a connotation of uncertainty). Usually in first person: ""I guess"". | (verb) To hit upon or reproduce by memory. | (noun) A prediction about the outcome of something, typically made without factual evidence or support."
guilty,(noun) A plea by a defendant who does not contest a charge. | (noun) A verdict of a judge or jury on a defendant judged to have committed a crime. | (noun) One who is declared guilty of a crime. | (adjective) Responsible for a dishonest act. | (adjective) Judged to have committed a crime. | (adjective) Having a sense of guilt. | (adjective) Blameworthy.
guy,"(noun) An effigy of a man burned on a bonfire on the anniversary of the Gunpowder Plot (5th November). | (noun) A person of eccentric appearance or dress; a ""fright"". | (noun) A man, fellow. | (noun) (especially in the plural) A person (see usage notes). | (noun) (of animals and sometimes objects) Thing, creature. | (noun) Thing, unit. | (noun) (term of address) Buster, Mack, fella, bud, man. | (verb) To exhibit an effigy of Guy Fawkes around the 5th November. | (verb) To make fun of, to ridicule with wit or innuendo. | (verb) To play in a comedic manner. | (noun) A guide; a leader or conductor. | (noun) A support rope or cable used to guide, steady or secure something which is being hoisted or lowered. | (noun) A support to secure or steady something prone to shift its position or be carried away (e.g. the mast of a ship or a suspension-bridge). | (verb) To equip with a support cable."
hand,"(noun) The part of the forelimb below the forearm or wrist in a human, and the corresponding part in many other animals. | (noun) That which resembles, or to some extent performs the office of, a human hand. | (noun) In linear measurement: | (noun) A side; part, camp; direction, either right or left. | (noun) Power of performance; means of execution; ability; skill; dexterity. | (noun) An agent; a servant, or manual laborer, especially in compounds; a workman, trained or competent for special service or duty; a performer more or less skillful. | (noun) An instance of helping. | (noun) Handwriting; style of penmanship. | (noun) A person's autograph or signature. | (noun) Personal possession; ownership. | (noun) (usually in the plural, hands) Management, domain, control. | (noun) That which is, or may be, held in a hand at once. | (noun) Applause. | (noun) A Native American gambling game, involving guessing the whereabouts of bits of ivory or similar, which are passed rapidly from hand to hand. | (noun) The small part of a gunstock near the lock, which is grasped by the hand in taking aim. | (noun) A whole rhizome of ginger. | (noun) The feel of a fabric; the impression or quality of the fabric as judged qualitatively by the sense of touch. | (noun) Actual performance; deed; act; workmanship; agency; hence, manner of performance. | (noun) Agency in transmission from one person to another. | (noun) Rate; price. | (verb) To give, pass, or transmit with the hand, literally or figuratively. | (verb) To lead, guide, or assist with the hand; to conduct. | (verb) To manage. | (verb) To seize; to lay hands on. | (verb) To pledge by the hand; to handfast. | (verb) (said of a sail) To furl. | (verb) To cooperate."
handle,"(noun) The part of an object which is (designed to be) held in the hand when used or moved. | (noun) An instrument for effecting a purpose (either literally or figuratively); a tool, or an opportunity or pretext. | (noun) The gross amount of wagering within a given period of time or for a given event at one of more establishments. | (noun) The tactile qualities of a fabric, e.g., softness, firmness, elasticity, fineness, resilience, and other qualities perceived by touch. | (noun) A name, nickname or pseudonym. | (noun) A title attached to one's name, such as Doctor or Colonel. | (noun) A reference to an object or structure that can be stored in a variable. | (noun) A 10 fl oz (285 ml) glass of beer in the Northern Territory. (See also pot and middy for other regional variations.) | (noun) A half-gallon (1.75-liter) bottle of alcohol. (Called a sixty in Canada.) | (noun) A point, an extremity of land. | (noun) A topological space homeomorphic to a ball but viewed as a product of two lower-dimensional balls. | (noun) The smooth, irreducible subcurve of a comb which connects to each of the other components in exactly one point. | (verb) To touch; to feel or hold with the hand(s). | (verb) To accustom to the hand; to take care of with the hands. | (verb) To manage, use, or wield with the hands. | (verb) To manage, control, or direct. | (verb) To treat, to deal with (in a specified way). | (verb) To deal with (a subject, argument, topic, or theme) in speaking, in writing, or in art. | (verb) To receive and transfer; to have pass through one's hands; hence, to buy and sell. | (verb) To be concerned with; to be an expert in. | (verb) To put up with; to endure (and continue to function). | (verb) To use the hands. | (verb) To illegally touch the ball with the hand or arm; to commit handball. | (verb) To behave in a particular way when handled (managed, controlled, directed)."
happen,"(verb) To occur or take place. | (verb) To happen to; to befall. | (verb) (with infinitive) To do or occur by chance or unexpectedly. | (verb) (followed by on or upon) To encounter by chance. | (adverb) Maybe, perhaps."
hard,"(noun) A firm or paved beach or slope convenient for hauling vessels out of the water. | (noun) A tyre whose compound is softer than superhards, and harder than mediums. | (noun) Crack cocaine. | (noun) Hard labor. | (adjective) (of material or fluid) Having a severe property; presenting difficulty. | (adjective) (personal or social) Having a severe property; presenting difficulty. | (adjective) Unquestionable. | (adjective) (of a road intersection) Having a comparatively larger or a ninety-degree angle. | (adjective) (of a male) Sexually aroused. | (adjective) Having muscles that are tightened as a result of intense, regular exercise. | (adjective) Plosive. | (adjective) Unvoiced | (adjective) Velarized or plain, rather than palatalized | (adjective) Having a severe property; presenting a barrier to enjoyment. | (adjective) In a physical form, not digital. | (adjective) Using a manual or physical process, not by means of a software command. | (adjective) Far, extreme. | (adjective) Of silk: not having had the natural gum boiled off. | (adverb) (manner) With much force or effort. | (adverb) (manner) With difficulty. | (adverb) So as to raise difficulties. | (adverb) (manner) Compactly. | (adverb) Near, close."
hat,"(noun) A covering for the head, often in the approximate form of a cone or a cylinder closed at its top end, and sometimes having a brim and other decoration. | (noun) A particular role or capacity that a person might fill. | (noun) Any receptacle from which numbers/names are pulled out in a lottery. | (noun) A hat switch. | (noun) The háček symbol. | (noun) The caret symbol ^. | (noun) User rights on a website, such as the right to edit pages others cannot. | (noun) (Cambridge University slang) A student who is also the son of a nobleman (and so allowed to wear a hat instead of a mortarboard). | (verb) To place a hat on. | (verb) To appoint as cardinal. | (verb) (heading, physical) To strike. | (verb) To manage to touch (a target) in the right place. | (verb) To switch on. | (verb) To briefly visit. | (verb) To encounter an obstacle or other difficulty. | (verb) (heading) To attain, to achieve. | (verb) To affect negatively. | (verb) To attack. | (verb) (heading, games) To make a play. | (verb) To use; to connect to. | (verb) To have sex with. | (verb) To inhale an amount of smoke from a narcotic substance, particularly marijuana."
here,"(noun) (abstract) This place; this location. | (noun) (abstract) This time, the present situation. | (adjective) Filler after a noun or demonstrative pronoun, solely for emphasis. | (adjective) Filler after a demonstrative pronoun but before the noun it modifies, solely for emphasis. | (adverb) (location) In, on, or at this place. | (adverb) (location) To this place; used in place of the more dated hither. | (adverb) (abstract) In this context. | (adverb) At this point in the argument, narration, or other, usually written, work. | (interjection) Used semi-assertively to offer something to the listener. | (interjection) Used for emphasis at the beginning of a sentence when expressing an opinion or want."
him,"(pronoun) Honorific alternative letter-case form of him, sometimes used when referring to God or another important figure who is understood from context. | (noun) A male person. | (pronoun) A masculine pronoun; he as a grammatical object. | (pronoun) Used reflexively: (to) himself. | (pronoun) With nominative effect: he, especially as a predicate after be, or following a preposition."
his,"(pronoun) Honorific alternative letter-case form of his, sometimes used when referring to God or another important figure who is understood from context. | (pronoun) That which belongs to him; the possessive case of he, used without a following noun. | (noun) The word ""hi"" used as a greeting."
hit,"(noun) A blow; a punch; a striking against; the collision of one body against another; the stroke that touches anything. | (noun) Something very successful, such as a song, film, or video game, that receives widespread recognition and acclaim. | (noun) An attack on a location, person or people. | (noun) A collision of a projectile with the target. | (noun) A match found by searching a computer system or search engine | (noun) A measured visit to a web site, a request for a single file from a web server. | (noun) An approximately correct answer in a test set. | (noun) The complete play, when the batter reaches base without the benefit of a walk, error, or fielder’s choice. | (noun) A dose of an illegal or addictive drug. | (noun) A premeditated murder done for criminal or political purposes. | (noun) A peculiarly apt expression or turn of thought; a phrase which hits the mark. | (noun) A move that throws one of the opponent's men back to the entering point. | (noun) A game won after the adversary has removed some of his men. It counts for less than a gammon. | (verb) (heading, physical) To strike. | (verb) To manage to touch (a target) in the right place. | (verb) To switch on. | (verb) To briefly visit. | (verb) To encounter an obstacle or other difficulty. | (verb) (heading) To attain, to achieve. | (verb) To affect negatively. | (verb) To attack. | (verb) (heading, games) To make a play. | (verb) To use; to connect to. | (verb) To have sex with. | (verb) To inhale an amount of smoke from a narcotic substance, particularly marijuana. | (adjective) Very successful. | (pronoun) It."
holy,"(noun) A thing that is extremely holy; used almost exclusively in Holy of Holies. | (adjective) Dedicated to a religious purpose or a god. | (adjective) Revered in a religion. | (adjective) Morally perfect or flawless, or nearly so. | (adjective) Separated or set apart from (something unto something or someone else). | (adjective) Set apart or dedicated for a specific purpose, or for use by a single entity or person. | (adjective) Used as an intensifier in various interjections."
honest,"(verb) To adorn or grace; to honour; to make becoming, appropriate, or honourable. | (adjective) (of a person or institution) Scrupulous with regard to telling the truth; not given to swindling, lying, or fraud; upright. | (adjective) (of a statement) True, especially as far as is known by the person making the statement; fair; unbiased. | (adjective) In good faith; without malice. | (adjective) (of a measurement device) Accurate. | (adjective) Authentic; full. | (adjective) Earned or acquired in a fair manner. | (adjective) Open; frank. | (adjective) Decent; honourable; suitable; becoming. | (adjective) Chaste; faithful; virtuous. | (adverb) Honestly; really."
hope,"(verb) To want something to happen, with a sense of expectation that it might. | (verb) To be optimistic; be full of hope; have hopes. | (verb) To place confidence; to trust with confident expectation of good; usually followed by in. | (verb) To wish. | (noun) The feeling of trust, confidence, belief or expectation that something wished for can or will happen. | (noun) The actual thing wished for. | (noun) A person or thing that is a source of hope. | (noun) The virtuous desire for future good. | (noun) A hollow; a valley, especially the upper end of a narrow mountain valley when it is nearly encircled by smooth, green slopes; a comb. | (noun) A sloping plain between mountain ridges. | (noun) A small bay; an inlet; a haven."
hour,"(noun) A time period of sixty minutes; one twenty-fourth of a day. | (noun) A season, moment, or time. | (noun) The time. | (noun) (in the plural) Used after a two-digit hour and a two-digit minute to indicate time. | (noun) (in the plural) The set times of prayer, the canonical hours, the offices or services prescribed for these, or a book containing them. | (noun) A distance that can be traveled in one hour."
husband,"(noun) The master of a house; the head of a family; a householder. | (noun) A tiller of the ground; a husbandman. | (noun) A prudent or frugal manager. | (noun) A man in a marriage or marital relationship, especially in relation to his spouse. | (noun) The male of a pair of animals. | (noun) A manager of property; one who has the care of another's belongings, owndom, or interests; a steward; an economist. | (noun) A large cushion with arms meant to support a person in the sitting position. | (noun) A polled tree; a pollard. | (verb) To manage or administer carefully and frugally; use to the best advantage; economise. | (verb) To conserve. | (verb) To till; cultivate; farm; nurture. | (verb) To provide with a husband. | (verb) To engage or act as a husband to; assume the care of or responsibility for; accept as one's own."
idea,"(noun) An abstract archetype of a given thing, compared to which real-life examples are seen as imperfect approximations; pure essence, as opposed to actual examples. | (noun) The conception of someone or something as representing a perfect example; an ideal. | (noun) The form or shape of something; a quintessential aspect or characteristic. | (noun) An image of an object that is formed in the mind or recalled by the memory. | (noun) More generally, any result of mental activity; a thought, a notion; a way of thinking. | (noun) A conception in the mind of something to be done; a plan for doing something, an intention. | (noun) A purposeful aim or goal; intent | (noun) A vague or fanciful notion; a feeling or hunch; an impression. | (noun) A musical theme or melodic subject."
if,"(noun) An uncertainty, possibility, condition, doubt etc. | (conjunction) Supposing that, assuming that, in the circumstances that; used to introduce a condition or choice. | (conjunction) In the event that a statement is true (a programming statement that acts in a similar manner). | (conjunction) Supposing that; used with past or past perfect subjunctive indicating that the condition is closed. | (conjunction) Supposing that; given that; supposing it is the case that. | (conjunction) Although; used to introduce a concession. | (conjunction) (sometimes proscribed) Whether; used to introduce a noun clause, an indirect question, that functions as the direct object of certain verbs. | (conjunction) (usually hyperbolic) Even if; even in the circumstances that. | (conjunction) Introducing a relevance conditional."
conversation,"(noun) Expression and exchange of individual ideas through talking with other people; also, a set instance or occasion of such talking. | (noun) The back-and-forth play of the blades in a bout. | (noun) The protocol-based interaction between systems processing a transaction. | (noun) Interaction; commerce or intercourse with other people; dealing with others. | (noun) Behaviour, the way one conducts oneself; a person's way of life. | (noun) Sexual intercourse. | (noun) Engagement with a specific subject, idea, field of study etc. | (verb) To engage in conversation (with)."
convert,"(noun) A person who has converted to a religion. | (noun) A person who is now in favour of something that he or she previously opposed or disliked. | (noun) The equivalent of a conversion in rugby | (verb) To transform or change (something) into another form, substance, state, or product. | (verb) To change (something) from one use, function, or purpose to another. | (verb) To induce (someone) to adopt a particular religion, faith, ideology or belief (see also sense 11). | (verb) To exchange for something of equal value. | (verb) To express (a quantity) in alternative units. | (verb) To express (a unit of measurement) in terms of another; to furnish a mathematical formula by which a quantity, expressed in the former unit, may be given in the latter. | (verb) To appropriate wrongfully or unlawfully; to commit the common law tort of conversion. | (verb) (rugby football) To score extra points after (a try) by completing a conversion. | (verb) To score (especially a penalty kick). | (verb) (ten-pin bowling) To score a spare. | (verb) To undergo a conversion of religion, faith or belief (see also sense 3). | (verb) To become converted. | (verb) To cause to turn; to turn. | (verb) To change (one proposition) into another, so that what was the subject of the first becomes the predicate of the second. | (verb) To turn into another language; to translate. | (verb) To increase one's individual score, especially from 50 runs (a fifty) to 100 runs (a century), or from a century to a double or triple century. | (verb) To perform the action that an online advertisement is intended to induce; to reach the point of conversion."
cost,"(verb) To incur a charge of; to require payment of a (specified) price. | (verb) To cause something to be lost; to cause the expenditure or relinquishment of. | (verb) To require to be borne or suffered; to cause. | (verb) To calculate or estimate a price. | (noun) Amount of money, time, etc. that is required or used. | (noun) A negative consequence or loss that occurs or is required to occur. | (noun) Manner; way; means; available course; contrivance. | (noun) Quality; condition; property; value; worth; a wont or habit; disposition; nature; kind; characteristic. | (noun) A rib; a side. | (noun) A cottise."
couple,"(noun) Two partners in a romantic or sexual relationship. | (noun) Two of the same kind connected or considered together. | (noun) A small number. | (noun) One of the pairs of plates of two metals which compose a voltaic battery, called a voltaic couple or galvanic couple. | (noun) Two forces that are equal in magnitude but opposite in direction (and acting along parallel lines), thus creating the turning effect of a torque or moment. | (noun) A couple-close. | (noun) That which joins or links two things together; a bond or tie; a coupler. | (verb) To join (two things) together, or (one thing) to (another). | (verb) To join in wedlock; to marry. | (verb) To join in sexual intercourse; to copulate. | (adjective) Two or (a) small number of."
courage,"(noun) The quality of being confident, not afraid or easily intimidated, but without being incautious or inconsiderate. | (noun) The ability to overcome one's fear, do or live things which one finds frightening. | (noun) The ability to maintain one's will or intent despite either the experience of fear, frailty, or frustration; or the occurrence of adversity, difficulty, defeat or reversal. | (verb) To encourage."
diagram,"(noun) A plan, drawing, sketch or outline to show how something works, or show the relationships between the parts of a whole. | (noun) A graph or chart. | (noun) A functor from an index category to another category. The objects and morphisms of the index category need not have any internal substance, but rather merely outline the connective structure of at least some part of the diagram's codomain. If the index category is J and the codomain is C, then the diagram is said to be ""of type J in C"". | (verb) To represent or indicate something using a diagram. | (verb) To schedule the operations of a locomotive or train according to a diagram."
disturb,"(noun) Disturbance | (verb) To confuse a quiet, constant state or a calm, continuous flow, in particular: thoughts, actions or liquids. | (verb) To divert, redirect, or alter by disturbing. | (verb) To have a negative emotional impact; to cause emotional distress or confusion."
dog,"(noun) A mammal, Canis familiaris or Canis lupus familiaris, that has been domesticated for thousands of years, of highly variable appearance due to human breeding. | (noun) Any member of the Family Canidae, including domestic dogs, wolves, coyotes, jackals, foxes, and their relatives (extant and extinct); canid. | (noun) A male dog, wolf or fox, as opposed to a bitch or vixen. | (noun) A dull, unattractive girl or woman. | (noun) A man (derived from definition 2). | (noun) A coward. | (noun) Someone who is morally reprehensible. | (noun) A sexually aggressive man (cf. horny). | (noun) Any of various mechanical devices for holding, gripping, or fastening something, particularly with a tooth-like projection. | (noun) A click or pallet adapted to engage the teeth of a ratchet-wheel, to restrain the back action; a click or pawl. (See also: ratchet, windlass) | (noun) A metal support for logs in a fireplace. | (noun) The eighteenth Lenormand card. | (noun) A hot dog. | (noun) Underdog. | (noun) (almost always in the plural) Foot. | (noun) (from ""dog and bone"") Phone or mobile phone. | (noun) One of the cones used to divide up a racetrack when training horses. | (noun) A flop; a film that performs poorly at the box office. | (verb) To pursue with the intent to catch. | (verb) To follow in an annoying or harassing way. | (verb) To fasten a hatch securely. | (verb) To watch, or participate, in sexual activity in a public place. | (verb) To intentionally restrict one's productivity as employee; to work at the slowest rate that goes unpunished. | (verb) To criticize. | (verb) To divide (a watch) with a comrade. | (noun) Meat from a dog eaten as food. | (noun) Meat prepared to be given to a dog as food. | (noun) An insult intended to assert hyperbolically that another person has value only as a corpse to be fed to a dog."
down,"(noun) A negative aspect; a downer. | (noun) A grudge (on someone). | (noun) An act of swallowing an entire drink at once. | (noun) A single play, from the time the ball is snapped (the start) to the time the whistle is blown (the end) when the ball is down, or is downed. | (noun) (crosswords) A clue whose solution runs vertically in the grid. | (noun) A downstairs room of a two-story house. | (noun) Down payment. | (verb) To knock (someone or something) down; to cause to come down, to fell. | (verb) To lower; to put (something) down. | (verb) To defeat; to overpower. | (verb) To disparage, to put down. | (verb) To go or come down; to descend. | (verb) To drink or swallow, especially without stopping before the vessel containing the liquid is empty. | (verb) To render (the ball) dead, typically by touching the ground while in possession. | (verb) (pocket billiards) To sink (a ball) into a hole or pocket. | (adjective) Sad, unhappy, depressed, feeling low. | (adjective) (normally in the combination 'down with') Sick or ill. | (adjective) At a lower level than before. | (adjective) Having a lower score than an opponent. | (adjective) (following the noun modified) Out. | (adjective) (with ""on"") Negative about, hostile to. | (adjective) Comfortable with, accepting of, approachable. | (adjective) Inoperable; out of order; out of service. | (adjective) Finished (of a task); defeated or dealt with (of an opponent or obstacle); elapsed (of time). Often coupled with to go (remaining). | (adjective) (police, of a person) Wounded and unable to move normally, or killed. | (adjective) (of an aircraft) Mechanically failed, collided, shot down, or otherwise suddenly unable to fly. | (adjective) Thoroughly practiced, learned or memorised; mastered. (Compare down pat.) | (adjective) Downright; absolute; positive. | (adjective) Accepted or respected, especially in the black or thug community. | (adjective) Facing downwards. | (adverb) From a higher position to a lower one; downwards. | (adverb) At a lower or further place or position along a set path. | (adverb) South (as south is at the bottom of typical maps). | (adverb) Away from the city (regardless of direction). | (adverb) At or towards any place that is visualised as 'down' by virtue of local features or local convention, or arbitrarily, irrespective of direction or elevation change. | (adverb) Towards the opponent's side (in ball-sports). | (adverb) Into a state of non-operation. | (adverb) To a subordinate or less prestigious position or rank. | (adverb) In the direction leading away from the principal terminus, away from milepost zero. | (adverb) (sentence substitute) Get down. | (adverb) (academia) Away from Oxford or Cambridge. | (adverb) From a remoter or higher antiquity. | (adverb) So as to lessen quantity, level or intensity. | (adverb) So as to reduce size, weight or volume. | (adverb) From less to greater detail. | (adverb) So as to secure or compress something to the floor, ground, or other (usually horizontal) surface. | (adverb) (intensifier) Used with verbs to add emphasis to the action of the verb. | (adverb) Used with verbs to indicate that the action of the verb was carried to some state of completion, rather than being of indefinite duration. | (preposition) From the higher end to the lower of. | (preposition) From nouth to south of. | (preposition) From one end to another of (in any direction); along. | (preposition) At (a given place that is seen as removed from one's present location or other point of reference). | (noun) (especially southern England) A hill, especially a chalk hill; rolling grassland | (noun) (usually in the plural) A field, especially one used for horse racing. | (noun) (chiefly in the plural) A tract of poor, sandy, undulating or hilly land near the sea, covered with fine turf which serves chiefly for the grazing of sheep. | (noun) Soft, fluffy immature feathers which grow on young birds. Used as insulating material in duvets, sleeping bags and jackets. | (noun) The pubescence of plants; the hairy crown or envelope of the seeds of certain plants, such as the thistle. | (noun) The soft hair of the face when beginning to appear. | (noun) That which is made of down, as a bed or pillow; that which affords ease and repose, like a bed of down. | (verb) To cover, ornament, line, or stuff with down."
dozen,"(noun) A set of twelve. | (noun) (as plural only, always followed by of) A large, unspecified number of, comfortably estimated in small multiples of twelve, thus generally implied to be significantly more than ten or twelve, but less than perhaps one or two hundred; many. | (noun) An old English measure of ore containing 12 hundredweight."
drawing,"(verb) To move or develop something. | (verb) To exert or experience force. | (verb) (fluidic) To remove or separate or displace. | (verb) To change in size or shape. | (verb) To attract or be attracted. | (verb) (usually as draw on or draw upon) To rely on; utilize as a source. | (verb) To disembowel. | (verb) To end a game in a draw (with neither side winning). | (verb) To choose by means of a random selection process. | (verb) To make a shot that lands gently in the house (the circular target) without knocking out other stones. | (verb) To play (a short-length ball directed at the leg stump) with an inclined bat so as to deflect the ball between the legs and the wicket. | (verb) To hit (the ball) with the toe of the club so that it is deflected toward the left. | (verb) To strike (the cue ball) below the center so as to give it a backward rotation which causes it to take a backward direction on striking another ball. | (noun) A picture, likeness, diagram or representation, usually drawn on paper. | (noun) (uncountable) The act of producing such a picture. | (noun) Such acts practiced as a graphic art form. | (noun) The process of drawing or pulling something. | (noun) An act or event in which the outcome (e.g., designating a winner) is selected by chance in the form of a blind draw, notably of lots; especially such a contest in which a winning name or number is selected randomly by removing (or drawing) it from a container, popularly a hat. | (noun) A small portion of tea for steeping."
dress,"(noun) An item of clothing (usually worn by a woman or young girl) which both covers the upper part of the body and includes skirts below the waist. | (noun) Apparel, clothing. | (noun) The system of furrows on the face of a millstone. | (noun) A dress rehearsal. | (verb) To fit out with the necessary clothing; to clothe, put clothes on (something or someone). | (verb) To clothe oneself; to put on clothes. | (verb) To put on the uniform and equipment necessary to play the game. | (verb) Of a man, to allow the genitals to fall to one side or other within the trousers. | (verb) To prepare (food) for cooking, especially by seasoning it. | (verb) To prepare oneself; to make ready. | (verb) To adorn, ornament. | (verb) To ornament (a ship) by hoisting the national colours at the peak and mastheads, and setting the jack forward; when ""dressed full"", the signal flags and pennants are added. | (verb) To prepare (a set) by installing the props, scenery, etc. | (verb) To treat (a wound, or wounded person). | (verb) To prepare for use; to fit for any use; to render suitable for an intended purpose; to get ready. | (verb) To prepare the surface of (a material; usually stone or lumber). | (verb) To manure (land). | (verb) To bolt or sift flour. | (verb) (sometimes imperative) To arrange in exact continuity of line, as soldiers; commonly to adjust to a straight line and at proper distance; to align. | (verb) To break and train for use, as a horse or other animal."
drive,"(noun) Motivation to do or achieve something; ability coupled with ambition. | (noun) Violent or rapid motion; a rushing onward or away; especially, a forced or hurried dispatch of business. | (noun) An act of driving animals forward, as to be captured, hunted etc. | (noun) A sustained advance in the face of the enemy to take a strategic objective. | (noun) A mechanism used to power or give motion to a vehicle or other machine or machine part. | (noun) A trip made in a vehicle (now generally in a motor vehicle). | (noun) A driveway. | (noun) A type of public roadway. | (noun) A place suitable or agreeable for driving; a road prepared for driving. | (noun) Desire or interest. | (noun) An apparatus for reading and writing data to or from a mass storage device such as a disk, as a floppy drive. | (noun) A mass storage device in which the mechanism for reading and writing data is integrated with the mechanism for storing data, as a hard drive, a flash drive. | (noun) A stroke made with a driver. | (noun) A ball struck in a flat trajectory. | (noun) A type of shot played by swinging the bat in a vertical arc, through the line of the ball, and hitting it along the ground, normally between cover and midwicket. | (noun) A straight level shot or pass. | (noun) An offensive possession, generally one consisting of several plays and/ or first downs, often leading to a scoring opportunity. | (noun) A charity event such as a fundraiser, bake sale, or toy drive. | (noun) (retail) A campaign aimed at selling more of a certain product, e.g. by offering a discount. | (noun) An impression or matrix formed by a punch drift. | (noun) A collection of objects that are driven; a mass of logs to be floated down a river. | (verb) To provide an impetus for motion or other physical change, to move an object by means of the provision of force thereto. | (verb) To provide an impetus for a non-physical change, especially a change in one's state of mind. | (verb) To displace either physically or non-physically, through the application of force. | (verb) To cause intrinsic motivation through the application or demonstration of force: to impel or urge onward thusly, to compel to move on, to coerce, intimidate or threaten. | (verb) (especially of animals) To impel or urge onward by force; to push forward; to compel to move on. | (verb) To direct a vehicle powered by a horse, ox or similar animal. | (verb) To cause animals to flee out of. | (verb) To move (something) by hitting it with great force. | (verb) To cause (a mechanism) to operate. | (verb) To operate (a wheeled motorized vehicle). | (verb) To motivate; to provide an incentive for. | (verb) To compel (to do something). | (verb) To cause to become. | (verb) To hit the ball with a drive. | (verb) To travel by operating a wheeled motorized vehicle. | (verb) To convey (a person, etc) in a wheeled motorized vehicle. | (verb) To move forcefully. | (verb) To be moved or propelled forcefully (especially of a ship). | (verb) To urge, press, or bring to a point or state. | (verb) To carry or to keep in motion; to conduct; to prosecute. | (verb) To clear, by forcing away what is contained. | (verb) To dig horizontally; to cut a horizontal gallery or tunnel. | (verb) To put together a drive (n.): to string together offensive plays and advance the ball down the field. | (verb) To distrain for rent. | (verb) To separate the lighter (feathers or down) from the heavier, by exposing them to a current of air. | (verb) To be the dominant party in a sex act."
earth,"(proper noun) The third planet of the Solar System; the world upon which humans live. | (proper noun) The personification of the Earth or earth, as a fertile woman or goddess. | (noun) Soil. | (noun) Any general rock-based material. | (noun) The ground, land (as opposed to the sky or sea). | (noun) A connection electrically to the earth ((US) ground); on equipment: a terminal connected in that manner. | (noun) The lair (as a hole on the ground) of an animal such as fox. | (noun) A region of the planet; a land or country. | (noun) Worldly things, as against spiritual ones. | (noun) The world of our current life (as opposed to heaven or an afterlife). | (noun) The people on the globe. | (noun) The human body. | (noun) The aforementioned soil- or rock-based material, considered one of the four or five classical elements. | (noun) Any of certain substances now known to be oxides of metal, which were distinguished by being infusible, and by insolubility in water. | (verb) To connect electrically to the earth. | (verb) To bury. | (verb) To burrow."
effort,"(noun) The work involved in performing an activity; exertion. | (noun) An endeavour. | (noun) A force acting on a body in the direction of its motion. | (verb) To make an effort. | (verb) To strengthen, fortify or stimulate"
elsewhere,"(noun) A place other than here. | (adverb) In or at some other place. | (adverb) To some other place. | (adverb) Distracted; in a daydream, (of the mind) unable to interact with events in the here and now"
embrace,"(noun) An act of putting arms around someone and bringing the person close to the chest; a hug. | (noun) An enclosure partially or fully surrounding someone or something. | (noun) Full acceptance (of something). | (noun) An act of enfolding or including. | (verb) To clasp (someone or each other) in the arms with affection; to take in the arms; to hug. | (verb) To seize (something) eagerly or with alacrity; to accept or take up with cordiality; to welcome. | (verb) To submit to; to undergo. | (verb) To encircle; to enclose, to encompass. | (verb) To enfold, to include (ideas, principles, etc.); to encompass. | (verb) To fasten on, as armour. | (verb) To accept (someone) as a friend; to accept (someone's) help gladly. | (verb) To attempt to influence (a court, jury, etc.) corruptly; to practise embracery."
employ,"(noun) The state of being an employee; employment. | (noun) The act of employing someone or making use of something; employment. | (verb) To hire (somebody for work or a job). | (verb) To use (somebody for a job, or something for a task). | (verb) To make busy."
enable,"(verb) To make somebody able (to do, or to be, something); to give sufficient ability or power to do or to be; to give strength or ability to. | (verb) To affirm; to make firm and strong. | (verb) To qualify or approve for some role or position; to render sanction or authorization to; to confirm suitability for. | (verb) To yield the opportunity or provide the possibility for something; to provide with means, opportunities, and the like. | (verb) To imply or tacitly confer excuse for an action or a behavior. | (verb) To put a circuit element into action by supplying a suitable input pulse. | (verb) To activate, to make operational (especially of a function of an electronic or mechanical device)."
enjoy,(verb) To receive pleasure or satisfaction from something | (verb) To have the use or benefit of something. | (verb) To be satisfied or receive pleasure. | (verb) To have sexual intercourse with.
enormous,"(adjective) Deviating from the norm; unusual, extraordinary. | (adjective) Exceedingly wicked; atrocious or outrageous. | (adjective) Extremely large; greatly exceeding the common size, extent, etc."
enough,"(adverb) Sufficiently. | (adverb) Fully; quite; used to express slight augmentation of the positive degree, and sometimes equivalent to very. | (pronoun) A sufficient or adequate number, amount, etc. | (interjection) Stop! Don't do that any more!"
ensure,"(verb) To make a pledge to (someone); to promise, guarantee (someone of something); to assure. | (verb) To make sure or certain of something (usually some future event or condition)."
entire,"(noun) The whole of something; the entirety. | (noun) An uncastrated horse; a stallion. | (noun) A complete envelope with stamps and all official markings: (prior to the use of envelopes) a page folded and posted. | (noun) Porter or stout as delivered from the brewery. | (adjective) (sometimes postpositive) Whole; complete. | (adjective) Having a smooth margin without any indentation. | (adjective) Consisting of a single piece, as a corolla. | (adjective) (of a complex function) Complex-differentiable on all of ℂ. | (adjective) (of a male animal) Not gelded. | (adjective) Morally whole; pure; sheer | (adjective) Internal; interior."
essential,"(noun) A necessary ingredient. | (noun) A fundamental ingredient. | (adjective) Necessary. | (adjective) Very important; of high importance. | (adjective) Necessary for survival but not synthesized by the organism, thus needing to be ingested | (adjective) Being in the basic form; showing its essence. | (adjective) Really existing; existent. | (adjective) Such that each complementary region is irreducible, the boundary of each complementary region is incompressible by disks and monogons in the complementary region, and no leaf is a sphere or a torus bounding a solid torus in the manifold. | (adjective) Idiopathic."
evening,"(noun) The time of the day between dusk and night, when it gets dark. | (noun) The time of the day between the approximate time of midwinter dusk and midnight (compare afternoon); the period after the end of regular office working hours. | (noun) A concluding time period; a point in time near the end of something; the beginning of the end of something. | (noun) A party or gathering held in the evening. | (verb) To make flat and level. | (verb) To equal. | (verb) To be equal. | (verb) To place in an equal state, as to obligation, or in a state in which nothing is due on either side; to balance, as accounts; to make quits. | (verb) To set right; to complete. | (verb) To act up to; to keep pace with. | (verb) To occur; to happen; to come to pass."
eventually,"(adverb) In the end; at some later time, especially after a long time, a series of problems, struggles, delays or setbacks. | (adverb) (of a sequence) For some tail; for all terms beyond some term; with only finitely many exceptions."
exactly,(adverb) (manner) without approximation; precisely. | (adverb) (focus) Used to provide emphasis. | (interjection) Signifies agreement or recognition.
examine,"(verb) To observe or inspect carefully or critically | (verb) To check the health or condition of something or someone | (verb) To determine the aptitude, skills or qualifications of someone by subjecting them to an examination | (verb) To interrogate"
except,"(verb) To exclude; to specify as being an exception. | (verb) To take exception, to object (to or against). | (preposition) With the exception of; but. | (conjunction) With the exception (that); used to introduce a clause, phrase or adverb forming an exception or qualification to something previously stated. | (conjunction) Unless; used to introduce a hypothetical case in which an exception may exist."
exchange,"(noun) An act of exchanging or trading. | (noun) A place for conducting trading. | (noun) A telephone exchange. | (noun) The fourth through sixth digits of a ten-digit phone number (the first three before the introduction of area codes). | (noun) A conversation. | (noun) The loss of one piece and associated capture of another | (noun) The thing given or received in return; especially, a publication exchanged for another. | (noun) The transfer of substances or elements like gas, amino-acids, ions etc. sometimes through a surface like a membrane. | (noun) The difference between the values of money in different places. | (verb) To trade or barter. | (verb) To replace with, as a substitute."
exclude,(verb) To bar (someone) from entering; to keep out. | (verb) To expel; to put out. | (verb) To omit from consideration. | (verb) To refuse to accept (evidence) as valid. | (verb) To eliminate from diagnostic consideration.
executive,"(noun) A chief officer or administrator, especially one who can make significant decisions on their own authority. | (noun) The branch of government that is responsible for enforcing laws and judicial decisions, and for the day-to-day administration of the state. | (noun) A process that coordinates and governs the action of other processes or threads; supervisor. | (adjective) Designed or fitted for execution, or carrying into effect. | (adjective) Of, pertaining to, or having responsibility for the day-to-day running of an organisation, business, country, etc. | (adjective) Exclusive."
expect,"(verb) To predict or believe that something will happen | (verb) To consider obligatory or required. | (verb) To consider reasonably due. | (verb) (continuous aspect only, of a woman or couple) To be pregnant, to consider a baby due. | (verb) To wait for; to await. | (verb) To wait; to stay."
expense,"(noun) A spending or consuming, often a disbursement of funds. | (noun) The elimination or consumption of something, sometimes with the notion of loss or damage to the thing eliminated. | (noun) Loss. | (verb) To charge a cost against an expense account; to bill something to the company for which one works."
explore,"(noun) An exploration; a tour of a place to see what it is like. | (verb) To seek for something or after someone. | (verb) To examine or investigate something systematically. | (verb) To travel somewhere in search of discovery. | (verb) To examine diagnostically. | (verb) To (seek) experience first hand. | (verb) To be engaged exploring in any of the above senses. | (verb) To wander without any particular aim or purpose. | (verb) To seek sexual variety, to sow one's wild oats."
expose,"(verb) To reveal, uncover, make visible, bring to light, introduce to. | (verb) To subject photographic film to light thereby recording an image. | (verb) To abandon, especially an unwanted baby in the wilderness. | (verb) To submit to an active (mostly dangerous) substance like an allergen, ozone, nicotine, solvent, or to any other stress, in order to test the reaction, resistance, etc. | (verb) To make available to other parts of a program, or to other programs."
express,"(noun) A mode of transportation, often a train, that travels quickly or directly. | (noun) A service that allows mail or money to be sent rapidly from one destination to another. | (noun) An express rifle. | (noun) A clear image or representation; an expression; a plain declaration. | (noun) A messenger sent on a special errand; a courier. | (noun) An express office. | (noun) That which is sent by an express messenger or message. | (adjective) Moving or operating quickly, as a train not making local stops. | (adjective) Specific or precise; directly and distinctly stated; not merely implied. | (adjective) Truly depicted; exactly resembling. | (adjective) (retail) Providing a more limited but presumably faster service than a full or complete dealer of the same kind or type. | (noun) The action of conveying some idea using words or actions; communication, expression. | (noun) A specific statement or instruction. | (verb) To convey or communicate; to make known or explicit. | (verb) To press, squeeze out (especially said of milk). | (verb) To translate messenger RNA into protein. | (verb) To transcribe deoxyribonucleic acid into messenger RNA."
external,"(noun) (chiefly in the plural) The exterior; outward features or appearances. | (noun) In the C programming language, a variable that is defined in the source code but whose value comes from some external source. | (adjective) Outside of something; on the exterior. | (adjective) Not intrinsic nor essential; accidental; accompanying; superficial. | (adjective) Foreign; relating to or connected with foreign nations. | (adjective) Away from the mesial plane of the body; lateral. | (adjective) Provided by something or someone outside of the entity (object, group, company etc.) considered."
extreme,"(noun) The greatest or utmost point, degree or condition. | (noun) Each of the things at opposite ends of a range or scale. | (noun) A drastic expedient. | (noun) Either of the two numbers at the ends of a proportion, as 1 and 6 in 1:2=3:6. | (adjective) Of a place, the most remote, farthest or outermost. | (adjective) In the greatest or highest degree; intense. | (adjective) Excessive, or far beyond the norm. | (adjective) Drastic, or of great severity. | (adjective) Of sports, difficult or dangerous; performed in a hazardous environment. | (adjective) Ultimate, final or last. | (adverb) Extremely."
failure,"(noun) State or condition of not meeting a desirable or intended objective, opposite of success. | (noun) An object, person or endeavour in a state of failure or incapable of success. | (noun) Termination of the ability of an item to perform its required function; breakdown. | (noun) Bankruptcy."
fairly,"(adverb) (manner) In a fair manner; fair; not biased or skewed or favouring a certain party | (adverb) Favorably; auspiciously; commodiously. | (adverb) Honestly; properly. | (adverb) Softly; quietly; gently. | (adverb) (degree) Partly, not fully; somewhat. | (adverb) Almost; practically."
field,"(noun) A land area free of woodland, cities, and towns; open country. | (noun) A wide, open space that is usually used to grow crops or to hold farm animals. | (noun) A place where competitive matches are carried out. | (noun) Any of various figurative meanings, regularly dead metaphors. | (verb) To intercept or catch (a ball) and play it. | (verb) (and other batting sports) To be the team catching and throwing the ball, as opposed to hitting it. | (verb) To place (a team, its players, etc.) in a game. | (verb) To answer; to address. | (verb) To defeat. | (verb) To execute research (in the field). | (verb) To deploy in the field."
football,"(noun) (general) A sport played on foot in which teams attempt to get a ball into a goal or zone defended by the other team. | (noun) Association football: a game in which two teams each contend to get a round ball into the other team's goal primarily by kicking the ball. Known as soccer in Canada, the United States, Australia, and New Zealand. | (noun) American football: a game played on a field of 100 yards long and 53 1/3 yards wide in which two teams of 11 players attempt to get an ovoid ball to the end of each other's territory. | (noun) Canadian football: a game played on a played on a field of 110 yards long and 65 yards wide in which two teams of 12 players attempt to get an ovoid ball to the end of each other's territory. | (noun) (Victoria, South Australia, Western Australia, Tasmania, Northern Territory) Australian rules football. | (noun) Gaelic football: a field game played with similar rules to hurling, but using hands and feet rather than a stick, and a ball, similar to, yet smaller than a soccer ball. | (noun) (New South Wales) rugby league. | (noun) Rugby union. | (noun) The ball used in any game called ""football"". | (noun) Practice of these particular games, or techniques used in them. | (noun) An item of discussion, particularly in a back-and-forth manner | (noun) The leather briefcase containing classified nuclear war plans which is always near the US President. | (verb) To play football."
gender,"(noun) Class; kind. | (noun) (grammar) A division of nouns and pronouns (and sometimes of other parts of speech) into masculine or feminine, and sometimes other categories like neuter or common, and animate or inanimate. | (noun) (now sometimes proscribed) Sex (a category such as ""male"" or ""female"" into which sexually-reproducing organisms are divided on the basis of their reproductive roles in their species). | (noun) Identification as a man, a woman or something else, and association with a (social) role or set of behavioral and cultural traits, clothing, etc; a category to which a person belongs on this basis. (Compare gender role, gender identity.) | (noun) (hardware) The quality which distinguishes connectors, which may be male (fitting into another connector) and female (having another connector fit into it), or genderless/androgynous (capable of fitting together with another connector of the same type). | (verb) To assign a gender to (a person); to perceive as having a gender; to address using terms (pronouns, nouns, adjectives...) that express a certain gender. | (verb) To perceive (a thing) as having characteristics associated with a certain gender, or as having been authored by someone of a certain gender. | (noun) Sound uttered by the mouth, especially by human beings in speech or song; sound thus uttered considered as possessing some special quality or character | (noun) Sound made through vibration of the vocal cords; sonant, or intonated, utterance; tone; — distinguished from mere breath sound as heard in whispering and voiceless consonants. | (noun) The tone or sound emitted by an object | (noun) The faculty or power of utterance | (noun) That which is communicated; message; meaning. | (noun) An expressed opinion, choice, will, desire, or wish; the right or ability to make such expression or to have it considered | (noun) Command; precept. | (noun) One who speaks; a speaker. | (noun) A particular style or way of writing that expresses a certain tone or feeling. | (noun) (grammar) A particular way of inflecting or conjugating verbs, or a particular form of a verb, by means of which is indicated the relation of the subject of the verb to the action which the verb expresses. | (noun) In harmony, an independent vocal or instrumental part in a piece of composition. | (noun) (IRC) A flag associated with a user on a channel, determining whether or not they can send messages to the channel. | (verb) To engender. | (verb) To breed."
gentleman,"(noun) A man of gentle but not noble birth, particularly a man of means (originally ownership of property) who does not work for a living but has no official status in a peerage; an armiferous man ranking below a knight. | (noun) Any well-bred, well-mannered, or charming man. | (noun) An effeminate or oversophisticated man. | (noun) (polite term of address) Any man. | (noun) (usually historical, sometimes derogatory) An amateur or dabbler in any field, particularly those of independent means. | (noun) An amateur player, particularly one whose wealth permits him to forego payment."
girl,"(noun) A female child, adolescent, or a young woman. | (noun) A young female animal. | (noun) (sometimes offensive) A woman, especially a young woman | (noun) A female servant; a maid. (see usage notes) | (noun) A queen (the playing card.) | (noun) A term of endearment. (see usage notes) | (noun) One's girlfriend. | (noun) One's daughter. | (noun) A roebuck two years old. | (noun) Cocaine, especially in powder form. | (noun) (somewhat childish) A female (tree, gene, etc). | (noun) A boy or man who is weak or sentimental. | (verb) To feminize or girlify; to gender as a girl or as for girls. | (verb) (somewhat informal) To staff with or as a girl or girls."
go,"(noun) The act of going. | (noun) A turn at something, or in something (e.g. a game). | (noun) An attempt, a try. | (noun) An approval or permission to do something, or that which has been approved. | (noun) An act; the working or operation. | (noun) A circumstance or occurrence; an incident, often unexpected. | (noun) The fashion or mode. | (noun) Noisy merriment. | (noun) A glass of spirits; a quantity of spirits. | (noun) Power of going or doing; energy; vitality; perseverance. | (noun) The situation where a player cannot play a card which will not carry the aggregate count above thirty-one. | (noun) A period of activity. | (noun) (British slang) A dandy; a fashionable person. | (verb) To move: | (verb) (chiefly of a machine) To work or function (properly); to move or perform (as required). | (verb) To start; to begin (an action or process). | (verb) To take a turn, especially in a game. | (verb) To attend. | (verb) To proceed: | (verb) To follow or travel along (a path): | (verb) To extend (from one point in time or space to another). | (verb) To lead (to a place); to give access to. | (verb) To become. (The adjective that follows usually describes a negative state.) | (verb) To assume the obligation or function of; to be, to serve as. | (verb) To continuously or habitually be in a state. | (verb) To come to (a certain condition or state). | (verb) To change (from one value to another) in the meaning of wend. | (verb) To turn out, to result; to come to (a certain result). | (verb) To tend (toward a result). | (verb) To contribute to a (specified) end product or result. | (verb) To pass, to be used up: | (verb) To die. | (verb) To be discarded. | (verb) To be lost or out: | (verb) To break down or apart: | (verb) To be sold. | (verb) To be given, especially to be assigned or allotted. | (verb) To survive or get by; to last or persist for a stated length of time. | (verb) To have a certain record. | (verb) To be authoritative, accepted, or valid: | (verb) To say (something), to make a sound: | (verb) To be expressed or composed (a certain way). | (verb) To resort (to). | (verb) To apply or subject oneself to: | (verb) To fit (in a place, or together with something): | (verb) To date. | (verb) To attack: | (verb) To be in general; to be usually. | (verb) To take (a particular part or share); to participate in to the extent of. | (verb) To yield or weigh. | (verb) To offer, bid or bet an amount; to pay. | (verb) To enjoy. (Compare go for.) | (verb) To urinate or defecate. | (adjective) Working correctly and ready to commence operation; approved and able to be put into action. | (noun) A strategic board game, originally from China, in which two players (black and white) attempt to control the largest area of the board with their counters."
grand,"(noun) (plural ""grand"") A thousand of some unit of currency, such as dollars or pounds. (Compare G.) | (noun) (plural ""grands"") A grand piano | (adjective) Of a large size or extent; great. | (adjective) Great in size, and fine or imposing in appearance or impression; illustrious, dignified, magnificent. | (adjective) Having higher rank or more dignity, size, or importance than other persons or things of the same name. | (adjective) (usually in compound forms) Standing in the second or some more remote degree of parentage or descent. | (adjective) Fine; lovely. | (adjective) Containing all the parts proper to a given form of composition. | (noun) A grandparent or grandchild."
grass,"(noun) Any plant of the family Poaceae, characterized by leaves that arise from nodes in the stem and leaf bases that wrap around the stem, especially those grown as ground cover rather than for grain. | (noun) Various plants not in family Poaceae that resemble grasses. | (noun) A lawn. | (noun) Marijuana. | (noun) An informer, police informer; one who betrays a group (of criminals, etc) to the authorities. | (noun) Sharp, closely spaced discontinuities in the trace of a cathode-ray tube, produced by random interference. | (noun) Noise on an A-scope or similar type of radar display. | (noun) The season of fresh grass; spring or summer. | (noun) That which is transitory. | (noun) (folk etymology) Asparagus; ""sparrowgrass"". | (noun) The surface of a mine. | (verb) To lay out on the grass; to knock down (an opponent etc.). | (verb) To act as a grass or informer, to betray; to report on (criminals etc) to the authorities. | (verb) To cover with grass or with turf. | (verb) To feed with grass. | (verb) To expose, as flax, on the grass for bleaching, etc. | (verb) To bring to the grass or ground; to land."
great,"(noun) A person of major significance, accomplishment or acclaim. | (noun) The main division in a pipe organ, usually the loudest division. | (noun) (in combinations such as ""two-greats"", ""three-greats"" etc.) An instance of the word ""great"" signifying an additional generation in phrases expressing family relationships. | (adjective) Relatively large in scale, size, extent, number (i.e. having many parts or members) or duration (i.e. relatively long); very big. | (adjective) Of larger size or more importance than others of its kind. | (adjective) (qualifying nouns of family relationship) Involving more generations than the qualified word implies — as many extra generations as repetitions of the word great (from 1510s). [see Derived terms] | (adjective) (followed by 'with') Pregnant; large with young; full of. | (adjective) (except with 'friend' and similar words such as 'mate','buddy') Intimate; familiar. | (adjective) Extreme or more than usual. | (adjective) Of significant importance or consequence; important. | (adjective) (applied to actions, thoughts and feelings) Arising from or possessing idealism; admirable; superior; commanding; heroic; illustrious; eminent. | (adjective) Impressive or striking. | (adjective) Much in use; favoured. | (adjective) (applied to persons) Endowed with extraordinary powers; of exceptional talents or achievements; uncommonly gifted; able to accomplish vast results; remarkable; strong; powerful; mighty; noble. | (adjective) Title referring to an important leader. | (adjective) Doing or exemplifying (a characteristic or pursuit) on a large scale; active or enthusiastic. | (adjective) (often followed by 'at') Skilful or adroit. | (adjective) Very good; excellent; wonderful; fantastic (from 1848). | (adjective) Intensifying a word or expression, used in mild oaths. | (adverb) Very well (in a very satisfactory manner). | (interjection) Expression of gladness and content about something. | (interjection) Sarcastic inversion thereof."
greatly,(adverb) To a great extent or degree. | (adverb) Nobly; magnanimously.
guard,"(noun) A person who, or thing that, protects or watches over something. | (noun) A garda; a police officer. | (noun) A squad responsible for protecting something. | (noun) The part of a sword that protects the wielder's hand. | (noun) A part of a machine which blocks access to dangerous parts. | (noun) A watchchain. | (noun) A panel of a car that encloses the wheel area, especially the front wheels. | (noun) A state of caution; posture of defence. | (noun) Something worn to protect part of the body, e.g. the shins in cricket. | (noun) A relatively short player, playing farther from the basket than a forward or center. | (noun) The position on the popping crease where a batsman makes a mark to align himself with the wicket; see take guard. | (noun) Either of two offensive positions between the center and each of the offensive tackles, whose main responsibilities are to protect the quarterback, and open up ""holes"" through which offensive players can run. | (noun) A player playing a position named guard. | (noun) An employee, normally travelling in the last vehicle of a train, responsible for the safety of the train. | (noun) A Boolean expression that must evaluate to true for a branch of program execution to continue. | (verb) To protect from danger; to secure against surprise, attack, or injury; to keep in safety; to defend. | (verb) To keep watch over, in order to prevent escape or restrain from acts of violence, or the like. | (verb) To watch by way of caution or defense; to be caution; to be in a state or position of defense or safety. | (verb) To protect the edge of, especially with an ornamental border; hence, to face or ornament with lists, laces, etc. | (verb) To fasten by binding; to gird."
hate,"(noun) An object of hatred. | (noun) Hatred. | (noun) Negative feedback, abusive behaviour. | (verb) To dislike intensely or greatly. | (verb) To experience hatred."
have,"(noun) A wealthy or privileged person. | (noun) One who has some (contextually specified) thing. | (verb) To possess, own. | (verb) To hold, as something at someone's disposal. | (verb) Used to state the existence or presence of someone in a specified relationship with the subject. | (verb) To partake of (a particular substance, especially food or drink, or action or activity). | (verb) To be scheduled to attend, undertake or participate in. | (verb) To experience, go through, undergo. | (verb) To be afflicted with, suffer from. | (verb) (auxiliary verb, taking a past participle) Used in forming the perfect aspect. | (verb) Used as an interrogative verb before a pronoun to form a tag question, echoing a previous use of 'have' as an auxiliary verb or, in certain cases, main verb. (For further discussion, see the appendix English tag questions.) | (verb) (auxiliary verb, taking a to-infinitive) See have to. | (verb) To give birth to. | (verb) To engage in sexual intercourse with. | (verb) To accept as a romantic partner. | (verb) (transitive with bare infinitive) To cause to, by a command, request or invitation. | (verb) (transitive with adjective or adjective-phrase complement) To cause to be. | (verb) (transitive with bare infinitive) To be affected by an occurrence. (Used in supplying a topic that is not a verb argument.) | (verb) (transitive with adjective or adjective-phrase complement) To depict as being. | (verb) To defeat in a fight; take. | (verb) (obsolete outside Ireland) To be able to speak (a language). | (verb) To feel or be (especially painfully) aware of. | (verb) To trick, to deceive. | (verb) (often with present participle) To allow; to tolerate. | (verb) (often used in the negative) To believe, buy, be taken in by. | (verb) To host someone; to take in as a guest. | (verb) To get a reading, measurement, or result from an instrument or calculation. | (verb) (of a jury) To consider a court proceeding that has been completed; to begin deliberations on a case. | (verb) To make an observation of (a bird species). | (noun) A fraud or deception; something misleading."
head,"(noun) The part of the body of an animal or human which contains the brain, mouth and main sense organs. | (noun) The topmost, foremost, or leading part. | (noun) (social, metonymy) A leader or expert. | (noun) A significant or important part. | (noun) Headway; progress. | (noun) Topic; subject. | (noun) Denouement; crisis. | (noun) (fluid dynamics) Pressure and energy. | (noun) Fellatio or cunnilingus; oral sex. | (noun) The glans penis. | (noun) A heavy or habitual user of illicit drugs. | (noun) Power; armed force. | (verb) To be in command of. (See also head up.) | (verb) To come at the beginning of; to commence. | (verb) To strike with the head; as in soccer, to head the ball | (verb) To move in a specified direction. | (verb) To remove the head from a fish. | (verb) To originate; to spring; to have its course, as a river. | (verb) To form a head. | (verb) To form a head to; to fit or furnish with a head. | (verb) To cut off the top of; to lop off. | (verb) To behead; to decapitate. | (verb) To go in front of. | (verb) To get in the front of, so as to hinder or stop; to oppose. | (verb) (by extension) To check or restrain. | (verb) To set on the head. | (adjective) Of, relating to, or intended for the head. | (adjective) Foremost in rank or importance. | (adjective) Placed at the top or the front. | (adjective) Coming from in front."
health,"(noun) The state of being free from physical or psychological disease, illness, or malfunction; wellness. | (noun) A state of well-being or balance, often physical but sometimes also mental and social; the overall level of function of an organism from the cellular (micro) level to the social (macro) level. | (noun) Physical condition. | (noun) Cure, remedy. | (noun) A toast to prosperity. | (noun) The amount of damage an in-game object can withstand before it is destroyed. | (noun) A warrior; hero; man."
hear,"(verb) (stative) To perceive sounds through the ear. | (verb) (stative) To perceive (a sound, or something producing a sound) with the ear, to recognize (something) in an auditory way. | (verb) To exercise this faculty intentionally; to listen to. | (verb) To listen favourably to; to grant (a request etc.). | (verb) To receive information about; to come to learn of. | (verb) (with from) To be contacted by. | (verb) To listen to (a person, case) in a court of law; to try. | (verb) To sympathize with; to understand the feelings or opinion of."
hearing,"(verb) (stative) To perceive sounds through the ear. | (verb) (stative) To perceive (a sound, or something producing a sound) with the ear, to recognize (something) in an auditory way. | (verb) To exercise this faculty intentionally; to listen to. | (verb) To listen favourably to; to grant (a request etc.). | (verb) To receive information about; to come to learn of. | (verb) (with from) To be contacted by. | (verb) To listen to (a person, case) in a court of law; to try. | (verb) To sympathize with; to understand the feelings or opinion of. | (noun) The sense used to perceive sound. | (noun) The act by which something is heard. | (noun) A proceeding at which discussions are heard. | (noun) A legal procedure done before a judge, without a jury, as with an evidentiary hearing. | (noun) A scolding. | (adjective) Able to hear."
heavy,"(noun) A villain or bad guy; the one responsible for evil or aggressive acts. | (noun) A doorman, bouncer or bodyguard. | (noun) A large multi-engined aircraft. (The term heavy normally follows the call-sign when used by air traffic controllers.) | (verb) (often with ""up"") To make heavier. | (verb) To sadden. | (verb) To use power and/or wealth to exert influence on, e.g., governments or corporations; to pressure. | (adjective) (of a physical object) Having great weight. | (adjective) (of a topic) Serious, somber. | (adjective) Not easy to bear; burdensome; oppressive. | (adjective) Good. | (adjective) (late 1960s, 1970s) Profound. | (adjective) (of a rate of flow) High, great. | (adjective) Armed. | (adjective) Louder, more distorted. | (adjective) (of weather) Hot and humid. | (adjective) (of a person) Doing the specified activity more intensely than most other people. | (adjective) (of food) High in fat or protein; difficult to digest. | (adjective) Of great force, power, or intensity; deep or intense. | (adjective) Laden to a great extent. | (adjective) Laden with that which is weighty; encumbered; burdened; bowed down, either with an actual burden, or with grief, pain, disappointment, etc. | (adjective) Slow; sluggish; inactive; or lifeless, dull, inanimate, stupid. | (adjective) Impeding motion; cloggy; clayey. | (adjective) Not raised or leavened. | (adjective) (of wines or spirits) Having much body or strength. | (adjective) With child; pregnant. | (adjective) Containing one or more isotopes that are heavier than the normal one | (adjective) (petroleum) with high viscosity | (adverb) In a heavy manner; weightily; heavily; gravely. | (adverb) To a great degree; greatly. | (adverb) Very | (adjective) Having the heaves."
himself,"(pronoun) (reflexive pronoun) Him; the male object of a verb or preposition that also appears as the subject | (pronoun) He; used as an intensifier, often to emphasize that the referent is the exclusive participant in the predicate | (pronoun) The subject or non-reflexive object of a predicate; he himself. | (pronoun) The subject or non-reflexive object of a predicate; he (used of upper-class gentlemen, or sarcastically, of men who imagine themselves to be more important than others)"
history,"(noun) The aggregate of past events. | (noun) The branch of knowledge that studies the past; the assessment of notable events. | (noun) A set of events involving an entity. | (noun) A record or narrative description of past events. | (noun) A list of past and continuing medical conditions of an individual or family. | (noun) A record of previous user events, especially of visited web pages in a browser. | (noun) Something that no longer exists or is no longer relevant. | (noun) Shared experience or interaction. | (verb) To narrate or record."
hot,"(verb) (with up) To heat; to make or become hot. | (verb) (with up) To become lively or exciting. | (adjective) (of an object) Having a high temperature. | (adjective) (of the weather) Causing the air to be hot. | (adjective) (of a person or animal) Feeling the sensation of heat, especially to the point of discomfort. | (adjective) (of a temper) Easily provoked to anger. | (adjective) Feverish. | (adjective) (of food) Spicy. | (adjective) Very good, remarkable, exciting. | (adjective) Stolen. | (adjective) Electrically charged. | (adjective) Radioactive. | (adjective) (of a person) Very physically and/or sexually attractive. | (adjective) Sexual or sexy; involving sexual intercourse or sexual excitement. | (adjective) Sexually aroused; randy. | (adjective) (with for) Attracted to. | (adjective) Popular; in demand. | (adjective) Of great current interest; provoking current debate or controversy. | (adjective) Very close to finding or guessing something to be found or guessed. | (adjective) Performing strongly; having repeated successes. | (adjective) Fresh; just released. | (adjective) Uncomfortable, difficult to deal with; awkward, dangerous, unpleasant. | (adjective) Used to emphasize the short duration or small quantity of something | (adjective) Characterized by police presence or activity. | (adjective) (of a draft/check) Not covered by funds on account."
hotel,"(noun) A large town house or mansion; a grand private residence, especially in France. | (noun) An establishment that provides accommodation and other services for paying guests; normally larger than a guesthouse, and often one of a chain. | (noun) A restaurant; any dining establishment. | (noun) The letter H in the ICAO spelling alphabet. | (noun) The larger red property in the game of Monopoly, in contradistinction to houses. | (noun) The guest accommodation and dining section of a cruise ship."
housing,"(verb) To keep within a structure or container. | (verb) To admit to residence; to harbor/harbour. | (verb) To take shelter or lodging; to abide; to lodge. | (verb) To dwell within one of the twelve astrological houses. | (verb) To contain or cover mechanical parts. | (verb) To drive to a shelter. | (verb) To deposit and cover, as in the grave. | (verb) To stow in a safe place; to take down and make safe. | (verb) To eat. | (noun) The activity of enclosing something or providing a residence for someone. | (noun) Residences, collectively. | (noun) A mechanical component's container or covering. | (noun) A cover or cloth for a horse's saddle, as an ornamental or military appendage; a saddlecloth; a horse cloth; in plural, trappings. | (noun) An appendage to the harness or collar of a harness. | (noun) The space taken out of one solid to admit the insertion of part of another, such as the end of one timber in the side of another. | (noun) A niche for a statue. | (noun) That portion of a mast or bowsprit which is beneath the deck or within the vessel. | (noun) A houseline."
how,"(noun) The means by which something is accomplished. | (adverb) To what degree. | (adverb) In what manner. | (adverb) In what state. | (adverb) Used as a modifier to indicate surprise, delight, or other strong feelings in an exclamation. | (conjunction) The manner or way that. | (conjunction) That, the fact that, the way that. | (noun) An artificial barrow or tumulus. | (noun) A small hill in northern England. (Usage preserved mainly in place names.) | (interjection) A greeting, used in representations of Native American speech."
human,"(noun) A human being, whether man, woman or child. | (verb) To behave as or become, or to cause to behave as or become, a human. | (adjective) (notcomp) Of or belonging to the species Homo sapiens or its closest relatives. | (adjective) Having the nature or attributes of a human being."
hundred,"(noun) A hundred-dollar bill, or any other note denominated 100 (e.g. a hundred euros). | (noun) An administrative subdivision of southern English counties formerly reckoned as comprising 100 hides (households or families) and notionally equal to 12,000 acres. | (noun) (by extension) Similar divisions in other areas, particularly in other areas of Britain or the British Empire | (noun) A score of one hundred runs or more scored by a batsman. | (numeral) A numerical value equal to 100 (102), occurring after ninety-nine. | (numeral) (24-hour clock) The pronunciation of “00” for the two digits denoting the minutes."
hungry,"(adjective) Affected by hunger; desiring of food; having a physical need for food. | (adjective) Causing hunger | (adjective) Eager, having an avid desire (‘appetite’) for something. | (adjective) Not rich or fertile; poor; barren; starved."
hunt,"(noun) The act of hunting. | (noun) A hunting expedition. | (noun) An organization devoted to hunting, or the people belonging to it. | (noun) A pack of hunting dogs. | (verb) To find or search for an animal in the wild with the intention of killing the animal for its meat or for sport. | (verb) To try to find something; search (for). | (verb) To drive; to chase; with down, from, away, etc. | (verb) To use or manage (dogs, horses, etc.) in hunting. | (verb) To use or traverse in pursuit of game. | (verb) (bell-ringing) To move or shift the order of (a bell) in a regular course of changes. | (verb) (bell-ringing) To shift up and down in order regularly. | (verb) To be in a state of instability of movement or forced oscillation, as a governor which has a large movement of the balls for small change of load, an arc-lamp clutch mechanism which moves rapidly up and down with variations of current, etc.; also, to seesaw, as a pair of alternators working in parallel."
ice,"(noun) Water in frozen (solid) form. | (noun) Any frozen volatile chemical, such as ammonia or carbon dioxide. | (noun) Any volatile chemical, such as water, ammonia, or carbon dioxide, not necessarily in solid form. | (noun) A frozen dessert made of fruit juice, water and sugar. | (noun) An ice cream. | (noun) Any substance having the appearance of ice. | (noun) One or more diamonds and jewelry. | (noun) Crystal form of amphetamine-based drugs. | (noun) The area where a game of ice hockey is played. | (noun) Money paid as a bribe. | (verb) To cool with ice, as a beverage. | (verb) To become ice; to freeze. | (verb) To make icy; to freeze. | (verb) To murder. | (verb) To cover with icing (frosting made of sugar and milk or white of egg); to frost; as cakes, tarts, etc. | (verb) To put out a team for a match. | (verb) To shoot the puck the length of the playing surface, causing a stoppage in play called icing."
immediate,"(adjective) Happening right away, instantly, with no delay. | (adjective) Very close; direct or adjacent. | (adjective) Manifestly true; requiring no argument. | (adjective) (of an instruction operand) embedded as part of the instruction itself, rather than stored elsewhere (such as a register or memory location) | (adjective) (procedure word) Used to denote that a transmission is urgent. | (adjective) (procedure word) An artillery fire mission modifier for to types of fire mission to denote an immediate need for fire: Immediate smoke, all guns involved must reload smoke and fire. Immediate suppression, all guns involved fire the rounds currently loaded and then switch to high explosive with impact fused (unless fuses are specified)."
corner,"(noun) The point where two converging lines meet; an angle, either external or internal. | (noun) An edge or extremity; the part farthest from the center; hence, any quarter or part, or the direction in which it lies. | (noun) A secret or secluded place; a remote or out of the way place; a nook. | (noun) An embarrassing situation; a difficulty. | (noun) A sufficient interest in a salable security or commodity to allow the cornering party to influence prices. | (noun) (heading) Relating to the playing field. | (noun) A place where people meet for a particular purpose. | (noun) A point scored in a rubber at whist. | (verb) To drive (someone or something) into a corner or other confined space. | (verb) To trap in a position of great difficulty or hopeless embarrassment. | (verb) To put (someone) in an awkward situation. | (verb) To get sufficient command of (a stock, commodity, etc.), so as to be able to manipulate its price. | (verb) To turn a corner or drive around a curve. | (verb) To handle while moving around a corner in a road or otherwise turning. | (verb) To supply with corners."
corporate,"(noun) A bond issued by a corporation. | (noun) A short film produced for internal use in a business, e.g. for training, rather than for a general audience. | (noun) A corporation that franchises, as opposed to than an individual franchise. | (verb) To incorporate. | (verb) To become incorporated. | (adjective) Of or relating to a corporation. | (adjective) Formed into a corporation; incorporated. | (adjective) Unified into one body; collective. | (adjective) Related to corporation that franchises rather than an individual franchise."
correct,(adjective) Free from error; true; accurate. | (adjective) With good manners; well behaved; conforming with accepted standards of behaviour. | (verb) To make something that was wrong become right; to remove error from. | (verb) (by extension) To grade (examination papers). | (verb) To inform (someone) of their error. | (verb) To discipline; to punish.
country,"(noun) (chiefly British) An area of land; a district, region. | (noun) A set region of land having particular human occupation or agreed limits, especially inhabited by members of the same race, speakers of the same language etc., or associated with a given person, occupation, species etc. | (noun) The territory of a nation, especially an independent nation state or formerly independent nation; a political entity asserting ultimate authority over a geographical area; a sovereign state. | (noun) (usually preceded by “the”) A rural area, as opposed to a town or city; the countryside. | (noun) The rock through which a vein runs. | (noun) The female genitalia, especially the vagina. | (adjective) From or in the countryside or connected with it. | (adjective) Of or connected to country music. | (noun) A style of popular music that originated in the folk music of the rural population of the southern and western United States and characterized by string-band instruments and simple melodies."
court,"(noun) An enclosed space; a courtyard; an uncovered area shut in by the walls of a building, or by different buildings; also, a space opening from a street and nearly surrounded by houses; a blind alley. | (noun) (social) Royal society. | (noun) Attention directed to a person in power; behaviour designed to gain favor; politeness of manner; civility towards someone | (noun) The administration of law. | (noun) A place arranged for playing the games of tennis, basketball, squash, badminton, volleyball and some other games | (verb) To seek to achieve or win. | (verb) To risk (a consequence, usually negative). | (verb) To try to win a commitment to marry from. | (verb) To engage in behavior leading to mating. | (verb) To attempt to attract. | (verb) To attempt to gain alliance with. | (verb) To engage in activities intended to win someone's affections. | (verb) To engage in courtship behavior. | (verb) To invite by attractions; to allure; to attract."
creation,(noun) Something created such as an invention or artwork. | (noun) The act of creating something. | (noun) All which exists.
crisis,"(noun) A crucial or decisive point or situation; a turning point. | (noun) An unstable situation, in political, social, economic or military affairs, especially one involving an impending abrupt change. | (noun) A sudden change in the course of a disease, usually at which point the patient is expected to either recover or die. | (noun) A traumatic or stressful change in a person's life. | (noun) A point in a drama at which a conflict reaches a peak before being resolved."
cultural,(adjective) Pertaining to culture.
curious,"(adjective) Tending to ask questions, or to want to explore or investigate; inquisitive; (with a negative connotation) nosy, prying. | (adjective) Caused by curiosity. | (adjective) Leading one to ask questions about; somewhat odd, out of the ordinary, or unusual. | (adjective) Careful, fastidious, particular; (specifically) demanding a high standard of excellence, difficult to satisfy. | (adjective) Carefully or artfully constructed; made with great elegance or skill."
discussion,(noun) Conversation or debate concerning a particular topic. | (noun) Text giving further detail on a subject. | (noun) The dispersion of a tumour.
draft,"(noun) A current of air, usually coming into a room or vehicle. | (noun) Draw through a flue of gasses (smoke) resulting from a combustion process. | (noun) An act of drinking. | (noun) The quantity of liquid (such as water, alcohol, or medicine) drunk in one swallow. | (noun) A dose (of medicine, alcohol, etc.) | (noun) Beer drawn from a cask or keg rather than a bottle or can. | (noun) Depth of water needed to float a ship; depth below the water line to the bottom of a vessel's hull; depth of water drawn by a vessel. | (noun) An early version of a written work (such as a book or e-mail) or drawing. | (noun) A preliminary sketch or outline for a plan. | (noun) A cheque, an order for money to be paid. | (noun) Conscription, the system of forcing people to serve in the military. | (noun) A system of forcing or convincing people to take an elected position. | (noun) A system of assigning rookie players to professional sports teams. | (noun) The pulling force (tension) on couplers and draft gear during a slack stretched condition. | (noun) The bevel given to the pattern for a casting, so that it can be drawn from the sand without damaging the mould. | (noun) (possibly obsolete) The action or an act (especially of a beast of burden or vehicle) of pulling something along or back. | (noun) (possibly obsolete) The act of drawing in a net for fish. | (noun) (possibly obsolete) That which is drawn in; a catch, a haul. | (noun) A quantity that is requisitioned or drawn out from a larger population. | (verb) To write a first version, make a preliminary sketch. | (verb) To draw in outline; to make a draught, sketch, or plan of, as in architectural and mechanical drawing. | (verb) To write a law. | (verb) To conscript a person, force a person to serve in some capacity, especially in the military. | (verb) To select someone (or something) for a particular role or purpose. | (verb) To select and separate an animal or animals from a group. | (verb) To select a rookie player onto a professional sports team. | (verb) To follow very closely (behind another vehicle), thereby providing an aerodynamic advantage to both lead and follower and conserving energy or increasing speed. | (verb) To draw out; to call forth. | (verb) To draw fibers out of a clump, for spinning in the production of yarn. | (adjective) Referring to drinks on tap, in contrast to bottled. | (adjective) Referring to animals used for pulling heavy loads."
dream,"(noun) Imaginary events seen in the mind while sleeping. | (noun) A hope or wish. | (noun) A visionary scheme; a wild conceit; an idle fancy. | (verb) To see imaginary events in one's mind while sleeping. | (verb) To hope, to wish. | (verb) To daydream. | (verb) To envision as an imaginary experience (usually when asleep). | (verb) To consider the possibility (of). | (adjective) Ideal; perfect."
driver,"(noun) One who drives something, in any sense of the verb to drive. | (noun) Something that drives something, in any sense of the verb to drive. | (noun) A person who drives a motorized vehicle such as a car or a bus. | (noun) A person who drives some other vehicle. | (noun) A program that acts as an interface between an application and hardware, written specifically for the device it controls. | (noun) A golf club used to drive the ball a great distance. | (noun) A kind of sail, smaller than a fore and aft spanker on a square-rigged ship, a driver is tied to the same spars. | (noun) A mallet. | (noun) A tamping iron. | (noun) A cooper's hammer for driving on barrel hoops. | (noun) A screwdriver."
drop,"(noun) A small quantity of liquid, just large enough to hold its own round shape via surface tension, especially one that falls from a source of liquid. | (noun) A very small quantity of liquid, or (by extension) of anything. | (noun) (now especially with ""the"") Alcoholic spirits in general. | (noun) That which resembles or hangs like a liquid globule: a hanging diamond ornament or earring, a glass pendant on a chandelier, etc. | (noun) A thing which drops or hangs down: | (noun) A fall, descent; an act or instance of dropping. | (noun) A release (of music, a vdeo game, etc). | (noun) A decline in quantity, quality, rate, or degree; a decline (when going from one value to another). | (noun) A thing, person, etc which is dropped: | (noun) An unsolicited credit card issue. | (noun) The amount of money that a gambler exchanges for chips in a casino. | (noun) The distance below a cliff or other high position into which someone or something could fall; the distance to which someone or something drops; a steep slope. | (noun) The vertical length of a hanging curtain. | (noun) The depth of a (square) sail (generally applied to the courses only); the vertical dimension of a sail. | (noun) The distance of the axis of a shaft below the base of a hanger. | (noun) A place where items or supplies may be left for others to collect, whether openly (as with a mail drop) or secretly or illegaly (as in espionage or crime); a drop-off point. | (noun) A drop-back. | (noun) (Rugby football) A drop-kick. | (noun) A drop target. | (verb) To fall in droplets (of a liquid). | (verb) To drip (a liquid). | (verb) Generally, to fall (straight down). | (verb) To let fall; to allow to fall (either by releasing hold of, or losing one's grip on). | (verb) To let drops fall; to discharge itself in drops. | (verb) To lower; to move to a lower position. | (verb) To set down from a vehicle; to deliver or deposit by stopping. | (verb) To sink quickly to the ground. | (verb) To fall dead, or to fall in death. | (verb) To come to an end (by not being kept up); to stop. | (verb) To mention casually or incidentally, usually in conversation. | (verb) To part with or spend (money). | (verb) To cease concerning oneself over; to have nothing more to do with (a subject, discussion etc.). | (verb) To lessen, decrease, or diminish in value, condition, degree, etc. | (verb) To let (a letter etc.) fall into a postbox; to send (a letter or message) in an offhand manner. | (verb) To make (someone or something) fall to the ground from a blow, gunshot etc.; to bring down, to shoot down. | (verb) To fail to write, or (especially) to pronounce (a syllable, letter etc.). | (verb) (of a fielder) To fail to make a catch from a batted ball that would have led to the batsman being out. | (verb) To swallow (a drug), particularly LSD. | (verb) To dispose (of); get rid of; to remove; to lose. | (verb) To eject; to dismiss; to cease to include, as if on a list. | (verb) To drop out of the betting. | (verb) (rugby football) To score (a goal) by means of a drop kick. | (verb) To impart. | (verb) To release to the public. | (verb) To play a portion of music in the manner of a disc jockey. | (verb) To enter public distribution. | (verb) To tune (a guitar string, etc.) to a lower note. | (verb) To cancel or end a scheduled event, project or course. | (verb) (fast food) To cook, especially by deep-frying or grilling. | (verb) (of a voice) To lower in timbre, often relating to puberty. | (verb) (of a sound or song) To lower in pitch, tempo, key, or other quality. | (verb) (of people) To visit informally; used with in or by. | (verb) To give birth to. | (verb) To cover with drops; to variegate; to bedrop. | (verb) (of the testicles) To hang lower and begin producing sperm due to puberty."
due,"(noun) Deserved acknowledgment. | (noun) (in plural dues) A membership fee. | (noun) That which is owed; debt; that which belongs or may be claimed as a right; whatever custom, law, or morality requires to be done, duty. | (noun) Right; just title or claim. | (adjective) Owed or owing. | (adjective) Appropriate. | (adjective) Scheduled; expected. | (adjective) Having reached the expected, scheduled, or natural time. | (adjective) Owing; ascribable, as to a cause. | (adjective) On a direct bearing, especially for the four points of the compass | (adverb) (used with compass directions) Directly; exactly."
easy,"(noun) Something that is easy | (adjective) Comfortable; at ease. | (adjective) Requiring little skill or effort. | (adjective) Causing ease; giving comfort, or freedom from care or labour. | (adjective) Free from constraint, harshness, or formality; unconstrained; smooth. | (adjective) (of a woman) Consenting readily to sex. | (adjective) Not making resistance or showing unwillingness; tractable; yielding; compliant. | (adjective) Not straitened as to money matters; opposed to tight. | (adverb) In a relaxed or casual manner. | (adverb) In a manner without strictness or harshness. | (adverb) Used an intensifier for large magnitudes. | (adverb) Not difficult, not hard. | (verb) To stop rowing."
edge,"(noun) The boundary line of a surface. | (noun) A one-dimensional face of a polytope. In particular, the joining line between two vertices of a polygon; the place where two faces of a polyhedron meet. | (noun) An advantage. | (noun) The thin cutting side of the blade of an instrument, such as an ax, knife, sword, or scythe; that which cuts as an edge does, or wounds deeply, etc. | (noun) A sharp terminating border; a margin; a brink; an extreme verge. | (noun) Sharpness; readiness or fitness to cut; keenness; intenseness of desire. | (noun) The border or part adjacent to the line of division; the beginning or early part (of a period of time) | (noun) A shot where the ball comes off the edge of the bat, often unintentionally. | (noun) A connected pair of vertices in a graph. | (noun) In male masturbation, a level of sexual arousal that is maintained just short of reaching the point of inevitability, or climax; see also edging. | (verb) To move an object slowly and carefully in a particular direction. | (verb) To move slowly and carefully in a particular direction. | (verb) (usually in the form 'just edge') To win by a small margin. | (verb) To hit the ball with an edge of the bat, causing a fine deflection. | (verb) To trim the margin of a lawn where the grass meets the sidewalk, usually with an electric or gas-powered lawn edger. | (verb) To furnish with an edge; to construct an edging. | (verb) To furnish with an edge, as a tool or weapon; to sharpen. | (verb) To make sharp or keen; to incite; to exasperate; to goad; to urge or egg on. | (verb) To delay one's orgasm so as to remain almost at the point of orgasm."
either,"(adverb) (after a negative) As well. | (pronoun) One or other of two people or things. | (pronoun) Both, each of two or more. | (conjunction) Introduces the first of two (or occasionally more) options or possibilities, the second (or last) of which is introduced by “or”."
else,"(adjective) (used only with indefinite or interrogative pronouns) Other; in addition to previously mentioned items. | (adverb) (follows interrogative adverbs) Otherwise, if not. | (conjunction) For otherwise; or else."
employee,(noun) An individual who provides labor to a company or another person.
encounter,"(noun) A meeting, especially one that is unplanned or unexpected. | (noun) A hostile, often violent meeting; a confrontation, skirmish, or clash, as between combatants. | (noun) A match between two opposing sides. | (verb) To meet (someone) or find (something), especially unexpectedly. | (verb) To confront (someone or something) face to face. | (verb) To engage in conflict, as with an enemy."
encourage,"(verb) To mentally support; to motivate, give courage, hope or spirit. | (verb) To spur on, strongly recommend. | (verb) To foster, give help or patronage"
engine,"(noun) A large construction used in warfare, such as a battering ram, catapult etc. | (noun) A tool; a utensil or implement. | (noun) A complex mechanical device which converts energy into useful motion or physical effects. | (noun) A person or group of people which influence a larger group; a driving force. | (noun) The part of a car or other vehicle which provides the force for motion, now especially one powered by internal combustion. | (noun) A self-powered vehicle, especially a locomotive, used for pulling cars along a track. | (noun) A software or hardware system responsible for a specific technical task (usually with qualifying word). | (noun) Ingenuity; cunning, trickery, guile. | (noun) The result of cunning; something ingenious, a contrivance; (in negative senses) a plot, a scheme. | (noun) Natural talent; genius. | (noun) Anything used to effect a purpose; any device or contrivance; an agent. | (verb) To equip with an engine; said especially of steam vessels. | (verb) To assault with an engine. | (verb) To contrive; to put into action. | (verb) To rack; to torture."
engineering,"(verb) To design, construct or manage something as an engineer. | (verb) To alter or construct something by means of genetic engineering. | (verb) To plan or achieve some goal by contrivance or guile; to wangle or finagle. | (verb) To control motion of substance; to change motion. | (verb) To work as an engineer. | (noun) The application of mathematics and the physical sciences to the needs of humanity and the development of technology. | (noun) The area aboard a ship where the engine is located. | (noun) Actions controling the motion, shape, and/or substance of any physical object(s). | (noun) Designates office area of the professional engineering staff."
enter,"(noun) The ""Enter"" key on a computer keyboard. | (noun) A stroke of the Enter key. | (verb) To go or come into an enclosed or partially enclosed space. | (verb) To cause to go (into), or to be received (into); to put in; to insert; to cause to be admitted. | (verb) To go or come into (a state or profession). | (verb) To type (something) into a computer; to input. | (verb) To record (something) in an account, ledger, etc. | (verb) To become a party to an agreement, treaty, etc. | (verb) To become effective; to come into effect. | (verb) To go into or upon, as lands, and take actual possession of them. | (verb) To place in regular form before the court, usually in writing; to put upon record in proper from and order. | (verb) To make report of (a vessel or its cargo) at the custom house; to submit a statement of (imported goods), with the original invoices, to the proper customs officer for estimating the duties. See entry. | (verb) To file, or register with the land office, the required particulars concerning (a quantity of public land) in order to entitle a person to a right of preemption. | (verb) To deposit for copyright the title or description of (a book, picture, map, etc.). | (verb) To initiate; to introduce favourably."
enterprise,"(noun) A company, business, organization, or other purposeful endeavor. | (noun) An undertaking, venture, or project, especially a daring and courageous one. | (noun) A willingness to undertake new or risky projects; energy and initiative. | (noun) Active participation in projects. | (verb) To undertake an enterprise, or something hazardous or difficult. | (verb) To undertake; to begin and attempt to perform; to venture upon. | (verb) To treat with hospitality; to entertain."
environment,"(noun) The surroundings of, and influences on, a particular item of interest. | (noun) The natural world or ecosystem. | (noun) All the elements that affect a system or its inputs and outputs. | (noun) A particular political or social setting, arena or condition. | (noun) The software and/or hardware existing on any particular computer system. | (noun) The environment of a function at a point during the execution of a program is the set of identifiers in the function's scope and their bindings at that point. | (noun) The set of variables and their values in a namespace that an operating system associates with a process."
event,"(noun) An occurrence; something that happens. | (noun) A prearranged social activity (function, etc.) | (noun) One of several contests that combine to make up a competition. | (noun) An end result; an outcome (now chiefly in phrases). | (noun) A point in spacetime having three spatial coordinates and one temporal coordinate. | (noun) A possible action that the user can perform that is monitored by an application or the operating system (event listener). When an event occurs an event handler is called which performs a specific task. | (noun) A set of some of the possible outcomes; a subset of the sample space. | (noun) An affair in hand; business; enterprise. | (noun) An episode of severe health conditions. | (verb) To occur, take place. | (verb) To be emitted or breathed out; to evaporate. | (verb) To expose to the air, ventilate."
examination,"(noun) The act of examining. | (noun) Particularly, an inspection by a medical professional to establish the extent and nature of any sickness or injury. | (noun) A formal test involving answering written or oral questions under a time constraint and usually without access to textbooks. | (noun) Interrogation."
example,"(noun) Something that is representative of all such things in a group. | (noun) Something that serves to illustrate or explain a rule. | (noun) Something that serves as a pattern of behaviour to be imitated (a good example) or not to be imitated (a bad example). | (noun) A person punished as a warning to others. | (noun) A parallel or closely similar case, especially when serving as a precedent or model. | (noun) An instance (as a problem to be solved) serving to illustrate the rule or precept or to act as an exercise in the application of the rule. | (verb) To be illustrated or exemplified (by)."
exciting,(verb) To stir the emotions of. | (verb) To arouse or bring out (e.g. feelings); to stimulate. | (verb) To cause an electron to move to a higher than normal state; to promote an electron to an outer level. | (verb) To energize (an electromagnet); to produce a magnetic field in. | (noun) The process of something becoming excited; excitation. | (adjective) Creating or producing excitement
existence,"(noun) The state of being, existing, or occurring; beinghood. | (noun) Empirical reality; the substance of the physical universe. (Dictionary of Philosophy; 1968)"
experiment,"(noun) A test under controlled conditions made to either demonstrate a known truth, examine the validity of a hypothesis, or determine the efficacy of something previously untried. | (noun) Experience, practical familiarity with something. | (verb) To conduct an experiment. | (verb) To experience; to feel; to perceive; to detect. | (verb) To test or ascertain by experiment; to try out; to make an experiment on."
explode,"(verb) To destroy with an explosion. | (verb) To destroy violently or abruptly. | (verb) To create an exploded view of. | (verb) To disprove or debunk. | (verb) To blast, to blow up, to burst, to detonate, to go off. | (verb) To make a violent or emotional outburst. | (verb) To increase suddenly. | (verb) (PHP) To break (a delimited string of text) into several smaller strings by removing the separators. | (verb) To decompress (data) that was previously imploded. | (verb) To open all doors and hatches on an automobile."
extend,"(verb) To increase in extent. | (verb) To possess a certain extent; to cover an amount of space. | (verb) To cause to increase in extent. | (verb) To cause to last for a longer period of time. | (verb) To straighten (a limb). | (verb) To bestow; to offer; to impart; to apply. | (verb) To increase in quantity by weakening or adulterating additions. | (verb) To value, as lands taken by a writ of extent in satisfaction of a debt; to assign by writ of extent. | (verb) Of a class: to be an extension or subtype of, or to be based on, a prototype or a more abstract class. | (verb) To reenlist for a further period."
famous,(verb) To make famous; to bring renown to. | (adjective) Well known. | (adjective) In the public eye.
first,(noun) The person or thing in the first position. | (noun) The first gear of an engine. | (noun) Something that has never happened before; a new occurrence. | (noun) First base | (noun) A first-class honours degree. | (noun) A first-edition copy of some publication. | (noun) A fraction of an integer ending in one. | (adjective) Preceding all others of a series or kind; the ordinal of one; earliest. | (adjective) Most eminent or exalted; most excellent; chief; highest. | (adverb) Before anything else; firstly. | (adverb) For the first time; | (noun) Time; time granted; respite.
force,"(noun) Strength or energy of body or mind; active power; vigour; might; capacity of exercising an influence or producing an effect. | (noun) Power exerted against will or consent; compulsory power; violence; coercion. | (noun) Anything that is able to make a substantial change in a person or thing. | (noun) A physical quantity that denotes ability to push, pull, twist or accelerate a body and which has a direction and is measured in a unit dimensioned in mass × distance/time² (ML/T²): SI: newton (N); CGS: dyne (dyn) | (noun) Something or anything that has the power to produce a physical effect upon something else, such as causing it to move or change shape. | (noun) A group that aims to attack, control, or constrain. | (noun) The ability to attack, control, or constrain. | (noun) A magic trick in which the outcome is known to the magician beforehand, especially one involving the apparent free choice of a card by another person. | (noun) Legal validity. | (noun) Either unlawful violence, as in a ""forced entry"", or lawful compulsion. | (noun) Ability of an utterance or its element (word, form, prosody, ...) to effect a given meaning. | (noun) (with the, often capitalized) A metaphysical and ubiquitous power from the fictional Star Wars universe created by George Lucas. See usage note. | (verb) To violate (a woman); to rape. | (verb) To exert oneself, to do one's utmost. | (verb) To compel (someone or something) to do something. | (verb) To constrain by force; to overcome the limitations or resistance of. | (verb) To drive (something) by force, to propel (generally + prepositional phrase or adverb). | (verb) To cause to occur (despite inertia, resistance etc.); to produce through force. | (verb) To forcibly open (a door, lock etc.). | (verb) To obtain or win by strength; to take by violence or struggle; specifically, to capture by assault; to storm, as a fortress. | (verb) To create an out by touching a base in advance of a runner who has no base to return to while in possession of a ball which has already touched the ground. | (verb) (whist) To compel (an adversary or partner) to trump a trick by leading a suit that he/she does not hold. | (verb) To put in force; to cause to be executed; to make binding; to enforce. | (verb) To provide with forces; to reinforce; to strengthen by soldiers; to man; to garrison. | (verb) To allow the force of; to value; to care for. | (noun) (law enforcement) Any police organization; a constabulary. | (noun) A waterfall or cascade. | (verb) To stuff; to lard; to farce."
grab,(noun) A sudden snatch at something. | (noun) An acquisition by violent or unjust means. | (noun) A mechanical device that grabs or clutches. | (noun) A sound bite. | (noun) That which is seized. | (noun) A simple card game. | (verb) To grip suddenly; to seize; to clutch. | (verb) To make a sudden grasping or clutching motion (at something). | (verb) To restrain someone; to arrest. | (verb) To grip the attention of; to enthrall or interest. | (verb) To quickly collect or retrieve. | (verb) To consume something quickly. | (verb) To take the opportunity of. | (noun) A two- or three-masted vessel used on the Malabar coast.
grade,"(noun) A rating. | (noun) The performance of an individual or group on an examination or test, expressed by a number, letter, or other symbol; a score. | (noun) A degree or level of something; a position within a scale; a degree of quality. | (noun) A slope (up or down) of a roadway or other passage | (noun) A level of primary and secondary education. | (noun) A student of a particular grade (used with the grade level). | (noun) An area that has been flattened by a grader (construction machine). | (noun) The level of the ground. | (noun) A gradian. | (noun) In a linear system of divisors on an n-dimensional variety, the number of free intersection points of n generic divisors. | (noun) A harsh scraping or cutting; a grating. | (noun) A taxon united by a level of morphological or physiological complexity that is not a clade. | (noun) The degree of malignity of a tumor expressed on a scale. | (verb) To assign scores to the components of an academic test. | (verb) To assign a score to overall academic performance. | (verb) To organize in grades. | (verb) To flatten, level, or smooth a large surface. | (verb) To remove or trim part of a seam allowance from a finished seam so as to reduce bulk and make the finished piece more even when turned right side out. | (verb) To pass imperceptibly from one grade into another."
green,"(adjective) Having green as its color. | (adjective) (of people) Sickly, unwell. | (adjective) Unripe, said of certain fruits that change color when they ripen. | (adjective) (of people) Inexperienced. | (adjective) (of people) Naive or unaware of obvious facts. | (adjective) (of people) Overcome with envy. | (adjective) Environmentally friendly. | (adjective) Describing a pitch which, even if there is no visible grass, still contains a significant amount of moisture. | (adjective) Of bacon or similar smallgoods: unprocessed, raw, unsmoked; not smoked or spiced. | (adjective) Not fully roasted; half raw. | (adjective) Of freshly cut wood or lumber that has not been dried: containing moisture and therefore relatively more flexible or springy. | (adjective) High or too high in acidity. | (adjective) Full of life and vigour; fresh and vigorous; new; recent. | (adjective) Having a sexual connotation. | (adjective) Having a color charge of green. | (adjective) Being or relating to the green currencies of the European Union. | (noun) The colour of growing foliage, as well as other plant cells containing chlorophyll; the colour between yellow and blue in the visible spectrum; one of the primary additive colour for transmitted light; the colour obtained by subtracting red and blue from white light using cyan and yellow filters. | (noun) (sometimes capitalised) A member of a green party; an environmentalist. | (noun) A putting green, the part of a golf course near the hole. | (noun) (bowls) The surface upon which bowls is played. | (noun) One of the colour balls used in snooker, with a value of 3 points. | (noun) A public patch of land in the middle of a settlement. | (noun) A grassy plain; a piece of ground covered with verdant herbage. | (noun) (chiefly in plural) Fresh leaves or branches of trees or other plants; wreaths. | (noun) Any substance or pigment of a green colour. | (noun) Marijuana. | (noun) Money. | (noun) One of the three color charges for quarks. | (verb) To make (something) green, to turn (something) green. | (verb) To become or grow green in colour. | (verb) To add greenspaces to (a town, etc.). | (verb) To become environmentally aware. | (verb) To make (something) environmentally friendly."
ground,"(noun) The surface of the Earth, as opposed to the sky or water or underground. | (noun) Terrain. | (noun) Soil, earth. | (noun) The bottom of a body of water. | (noun) Basis, foundation, groundwork, legwork. | (noun) (chiefly in the plural) Reason, (epistemic) justification, cause. | (noun) Background, context, framework, surroundings. | (noun) The area on which a battle is fought, particularly as referring to the area occupied by one side or the other. Often, according to the eventualities, ""to give ground"" or ""to gain ground"". | (noun) (by extension) Advantage given or gained in any contest; e.g. in football, chess, debate or academic discourse. | (noun) The plain surface upon which the figures of an artistic composition are set. | (noun) In sculpture, a flat surface upon which figures are raised in relief. | (noun) In point lace, the net of small meshes upon which the embroidered pattern is applied. | (noun) In etching, a gummy substance spread over the surface of a metal to be etched, to prevent the acid from eating except where an opening is made by the needle. | (noun) (chiefly in the plural) One of the pieces of wood, flush with the plastering, to which mouldings etc. are attached. | (noun) A soccer stadium. | (noun) An electrical conductor connected to the earth, or a large conductor whose electrical potential is taken as zero (such as a steel chassis). | (noun) The area of grass on which a match is played (a cricket field); the entire arena in which it is played; the part of the field behind a batsman's popping crease where he can not be run out (hence to make one's ground). | (noun) A composition in which the bass, consisting of a few bars of independent notes, is continually repeated to a varying melody. | (noun) The tune on which descants are raised; the plain song. | (noun) The pit of a theatre. | (verb) To connect (an electrical conductor or device) to a ground. | (verb) To punish, especially a child or teenager, by forcing him/her to stay at home and/or give up certain privileges. | (verb) To forbid (an aircraft or pilot) to fly. | (verb) To give a basic education in a particular subject; to instruct in elements or first principles. | (verb) To hit a ground ball. Compare fly (verb(regular)) and line (verb). | (verb) To place something on the ground. | (verb) To run aground; to strike the bottom and remain fixed. | (verb) To found; to fix or set, as on a foundation, reason, or principle; to furnish a ground for; to fix firmly. | (verb) To cover with a ground, as a copper plate for etching, or as paper or other materials with a uniform tint as a preparation for ornament. | (verb) To improve or focus the mental or emotional state of. | (verb) To reduce to smaller pieces by crushing with lateral motion. | (verb) To shape with the force of friction. | (verb) To remove material by rubbing with an abrasive surface. | (verb) To become ground, pulverized, or polished by friction. | (verb) To move with much difficulty or friction; to grate. | (verb) To slide the flat portion of a skateboard or snowboard across an obstacle such as a railing. | (verb) To oppress, hold down or weaken. | (verb) To rotate the hips erotically. | (verb) To dance in a sexually suggestive way with both partners in very close proximity, often pressed against each other. | (verb) To repeat a task a large number of times in a row to achieve a specific goal. | (verb) To operate by turning a crank. | (verb) To produce mechanically and repetitively as if by turning a crank. | (verb) To automatically format and indent code. | (verb) To instill through repetitive teaching. | (verb) To eat. | (verb) To work or study hard; to hustle or drudge. | (verb) To annoy or irritate (a person); to grind one's gears. | (adjective) Crushed, or reduced to small particles. | (adjective) Processed by grinding."
group,"(noun) A number of things or persons being in some relation to one another. | (noun) A set with an associative binary operation, under which there exists an identity element, and such that each element has an inverse. | (noun) An effective divisor on a curve. | (noun) A (usually small) group of people who perform music together. | (noun) A small number (up to about fifty) of galaxies that are near each other. | (noun) A column in the periodic table of chemical elements. | (noun) A functional group. | (noun) A subset of a culture or of a society. | (noun) An air force formation. | (noun) A collection of formations or rock strata. | (noun) A number of users with same rights with respect to accession, modification, and execution of files, computers and peripherals. | (noun) An element of an espresso machine from which hot water pours into the portafilter. | (noun) A number of eighth, sixteenth, etc., notes joined at the stems; sometimes rather indefinitely applied to any ornament made up of a few short notes. | (noun) A set of teams playing each other in the same division, while not during the same period playing any teams that belong to other sets in the division. | (noun) A commercial organization. | (verb) To put together to form a group. | (verb) To come together to form a group."
growth,"(noun) An increase in size, number, value, or strength. | (noun) The act of growing, getting bigger or higher. | (noun) Something that grows or has grown. | (noun) An abnormal mass such as a tumor."
guarantee,"(noun) Anything that assures a certain outcome. | (noun) A legal assurance of something, e.g. a security for the fulfillment of an obligation. | (noun) More specifically, a written declaration that a certain product will be fit for a purpose and work correctly; a warranty | (noun) The person to whom a guarantee is made. | (noun) A person who gives such a guarantee; a guarantor. | (verb) To give an assurance that something will be done right. | (verb) To assume or take responsibility for a debt or other obligation. | (verb) To make something certain."
gun,"(noun) A device for projecting a hard object very forcefully; a firearm or cannon. | (noun) A device operated by a trigger and acting in a manner similar to a firearm. | (noun) A long surfboard designed for surfing big waves (not the same as a longboard, a gun has a pointed nose and is generally a little narrower). | (noun) A pattern that ""fires"" out other patterns. | (noun) (metonym) A person who carries or uses a rifle, shotgun or handgun. | (noun) (usually in the plural) The biceps. | (noun) (in the plural) Violent blasts of wind. | (noun) An expert. | (verb) (with “down”) To shoot someone or something, usually with a firearm. | (verb) To speed something up. | (verb) To offer vigorous support to a person or cause. | (verb) To seek to attack someone; to take aim at someone. | (verb) To practice fowling or hunting small game; chiefly in participial form: to go gunning. | (verb) To masturbate while observing and visible to a corrections officer. | (verb) Nonstandard spelling of going to."
hardly,"(adverb) (manner) Firmly, vigorously, with strength or exertion. | (adverb) (manner) Harshly, severely; in a hard manner. | (adverb) With difficulty. | (adverb) (degree) Barely, only just, almost not. | (interjection) Not really."
heart,"(noun) A muscular organ that pumps blood through the body, traditionally thought to be the seat of emotion. | (noun) Emotions, kindness, moral effort, or spirit in general. | (noun) The seat of the affections or sensibilities, collectively or separately, as love, hate, joy, grief, courage, etc.; rarely, the seat of the understanding or will; usually in a good sense; personality. | (noun) Courage; courageous purpose; spirit. | (noun) Vigorous and efficient activity; power of fertile production; condition of the soil, whether good or bad. | (noun) A term of affectionate or kindly and familiar address. | (noun) Personality, disposition. | (noun) A wight or being. | (noun) A conventional shape or symbol used to represent the heart, love, or emotion: ♥ or sometimes <3. | (noun) A playing card of the suit hearts featuring one or more heart-shaped symbols. | (noun) The twenty-fourth Lenormand card. | (noun) The centre, essence, or core. | (verb) To be fond of. Often bracketed or abbreviated with a heart symbol. | (verb) To give heart to; to hearten; to encourage. | (verb) To fill an interior with rubble, as a wall or a breakwater. | (verb) To form a dense cluster of leaves, a heart, especially of lettuce or cabbage."
help,"(noun) Action given to provide assistance; aid. | (noun) (usually uncountable) Something or someone which provides assistance with a task. | (noun) Documentation provided with computer software, etc. and accessed using the computer. | (noun) (usually uncountable) One or more people employed to help in the maintenance of a house or the operation of a farm or enterprise. | (noun) Correction of deficits, as by psychological counseling or medication or social support or remedial training. | (verb) To provide assistance to (someone or something). | (verb) To assist (a person) in getting something, especially food or drink at table; used with to. | (verb) To contribute in some way to. | (verb) To provide assistance. | (verb) To avoid; to prevent; to refrain from; to restrain (oneself). Usually used in nonassertive contexts with can. | (interjection) A cry of distress or an urgent request for assistance"
herself,"(pronoun) (reflexive pronoun) Her; the female object of a verb or preposition that also appears as the subject. | (pronoun) She; an intensive repetition of the female subject, often used to indicate the exclusiveness of that person as the only satisfier of the predicate. | (pronoun) The subject or non-reflexive object of a predicate; she (used of upper-class ladies, or sarcastically, of women who imagine themselves to be more important than others)"
high,"(noun) A high point or position, literally or figuratively; an elevated place; a superior region; a height; the sky; heaven. | (noun) A point of success or achievement; a time when things are at their best. | (noun) A period of euphoria, from excitement or from an intake of drugs. | (noun) A drug that gives such a high. | (noun) A large area of elevated atmospheric pressure; an anticyclone. | (noun) The maximum value attained by some quantity within a specified period. | (noun) The maximum atmospheric temperature recorded at a particular location, especially during one 24-hour period. | (noun) The highest card dealt or drawn. | (verb) To rise. | (adjective) Very elevated; extending or being far above a base; tall; lofty. | (adjective) Relatively elevated; rising or raised above the average or normal level from which elevation is measured. | (adjective) Having a specified elevation or height; tall. | (adjective) Elevated in status, esteem, prestige; exalted in rank, station, or character. | (adjective) Of great importance and consequence: grave (if negative) or solemn (if positive). | (adjective) Consummate; advanced (e.g. in development) to the utmost extent or culmination, or possessing a quality in its supreme degree, at its zenith. | (adjective) (in several set phrases) Remote in distance or time. | (adjective) (in several set phrases) Very traditionalist and conservative, especially in favoring older ways of doing things; see e.g. high church, High Tory. | (adjective) Elevated in mood; marked by great merriment, excitement, etc. | (adjective) (of a lifestyle) Luxurious; rich. | (adjective) Lofty, often to the point of arrogant, haughty, boastful, proud. | (adjective) (with ""on"" or ""about"") Keen, enthused. | (adjective) (of a body of water) With tall waves. | (adjective) Large, great (in amount or quantity, value, force, energy, etc). | (adjective) (acoustics) Acute or shrill in pitch, due to being of greater frequency, i.e. produced by more rapid vibrations (wave oscillations). | (adjective) Made with some part of the tongue positioned high in the mouth, relatively close to the palate. | (adjective) Greater in value than other cards, denominations, suits, etc. | (adjective) (of meat, especially venison) Strong-scented; slightly tainted/spoiled; beginning to decompose. | (adjective) Intoxicated; under the influence of a mood-altering drug, formerly usually alcohol, but now (from the mid-20th century) usually not alcohol but rather marijuana, cocaine, heroin, etc. | (adjective) (of a sailing ship) Near, in its direction of travel, to the (direction of the) wind. | (adverb) In or to an elevated position. | (adverb) In or at a great value. | (adverb) At a pitch of great frequency. | (noun) Thought; intention; determination; purpose. | (verb) To hie; to hasten."
highly,(adverb) In a high or esteemed manner. | (adverb) Extremely; greatly; very much.
historical,"(noun) A historical romance. | (adjective) Of, concerning, or in accordance with recorded history, (particularly) as opposed to legends, myths, and fictions. | (adjective) Of, concerning, or in accordance with the past generally. | (adjective) Of, concerning, or in accordance with the scholarly discipline of history. | (adjective) Forming compound adjectives with the meaning ""historical/~"" or ""historically"":"
home,"(noun) A dwelling. | (noun) One’s native land; the place or country in which one dwells; the place where one’s ancestors dwell or dwelt. | (noun) The locality where a thing is usually found, or was first found, or where it is naturally abundant; habitat; seat. | (noun) A focus point. | (verb) (of animals) To return to its owner. | (verb) (always with ""in on"") To seek or aim for something. | (adjective) Of or pertaining to one’s dwelling or country; domestic; not foreign; as home manufactures; home comforts. | (adjective) (except in phrases) That strikes home; direct, pointed. | (adjective) Personal, intimate. | (adjective) Relating to the home team (the team at whose venue a game is played). | (adverb) To one's home | (adverb) At or in one's place of residence or one's customary or official location; at home | (adverb) To a full and intimate degree; to the heart of the matter; fully, directly. | (adverb) Into the goal | (adverb) Into the right, proper or stowed position | (noun) A directory that contains a user's files."
horrible,"(noun) A thing that causes horror; a terrifying thing, particularly a prospective bad consequence asserted as likely to result from an act. | (noun) A person wearing a comic or grotesque costume in a parade of horribles. | (adjective) Causing horror; terrible; shocking. | (adjective) Tremendously bad."
hospital,"(noun) A large medical facility, usually in a building with multiple floors, where seriously ill or injured patients are given extensive medical and/or surgical treatment. | (noun) A building founded for the long-term care of its residents, such as an almshouse. The residents may have no physical ailments, but simply need financial support. | (noun) A place of lodging. | (adjective) Hospitable."
house,"(noun) A structure built or serving as an abode of human beings. | (noun) The people who live in a house; a household. | (noun) A building used for something other than a residence (typically with qualifying word). | (noun) The audience for a live theatrical or similar performance. | (noun) A theatre. | (noun) A building where a deliberative assembly meets; whence the assembly itself, particularly a component of a legislature. | (noun) A dynasty; a family with its ancestors and descendants, especially a royal or noble one. | (noun) A place of rest or repose. | (noun) A grouping of schoolchildren for the purposes of competition in sports and other activities. | (noun) An animal's shelter or den, or the shell of an animal such as a snail, used for protection. | (noun) One of the twelve divisions of an astrological chart. | (noun) The fourth Lenormand card. | (noun) A square on a chessboard, regarded as the proper place of a piece. | (noun) The four concentric circles where points are scored on the ice. | (noun) Lotto; bingo. | (noun) A children's game in which the players pretend to be members of a household. | (noun) A small stand of trees in a swamp. | (noun) (sudoku) A set of cells in a Sudoku puzzle which must contain each digit exactly once, such as a row, column, or 3×3 box in classic Sudoku. | (verb) To keep within a structure or container. | (verb) To admit to residence; to harbor/harbour. | (verb) To take shelter or lodging; to abide; to lodge. | (verb) To dwell within one of the twelve astrological houses. | (verb) To contain or cover mechanical parts. | (verb) To drive to a shelter. | (verb) To deposit and cover, as in the grave. | (verb) To stow in a safe place; to take down and make safe. | (verb) To eat. | (noun) House music."
hurry,"(noun) Rushed action. | (noun) Urgency. | (noun) An incidence of a defensive player forcing the quarterback to act faster than the quarterback was prepared to, resulting in a failed offensive play. | (noun) A tremolando passage for violins, etc., accompanying an exciting situation. | (verb) To do things quickly. | (verb) Often with up, to speed up the rate of doing something. | (verb) To cause to be done quickly. | (verb) To hasten; to impel to greater speed; to urge on. | (verb) To impel to precipitate or thoughtless action; to urge to confused or irregular activity. | (verb) To put: to convey coal in the mine, e.g. from the working to the tramway."
identify,(verb) To establish the identity of someone or something. | (verb) To disclose the identity of someone. | (verb) To establish the taxonomic classification of an organism. | (verb) To equate or make the same; to unite or combine into one. | (verb) To have a strong affinity with; to feel oneself to be modelled on or connected to. | (verb) To associate oneself with some group. | (verb) To claim an identity; to describe oneself as a member of a group; to assert the use of a particular term to describe oneself.
image,"(noun) An optical or other representation of a real object; a graphic; a picture. | (noun) A mental picture of something not real or not present. | (noun) A statue or idol. | (noun) A file that contains all information needed to produce a live working copy. (See disk image and image copy.) | (noun) A characteristic of a person, group or company etc., style, manner of dress, how one is, or wishes to be, perceived by others. | (noun) Something mapped to by a function. | (noun) The subset of a codomain comprising those elements that are images of something. | (noun) A form of interference: a weaker ""copy"" of a strong signal that occurs at a different frequency. | (noun) Show; appearance; cast. | (verb) To represent by an image or symbol; to portray. | (verb) To reflect, mirror. | (verb) To create an image of. | (verb) To create a complete backup copy of a file system or other entity."
imagine,(noun) A short fanfic or prompt placing a reader insert in a novel scenario with a character or celebrity. | (verb) To form a mental image of something; to envision or create something in one's mind. | (verb) To believe in something created by one's own mind. | (verb) To assume | (verb) To conjecture or guess | (verb) To use one's imagination | (verb) To contrive in purpose; to scheme; to devise.
impact,"(noun) The striking of one body against another; collision. | (noun) The force or energy of a collision of two objects. | (noun) A forced impinging. | (noun) A significant or strong influence; an effect. | (verb) To collide or strike, the act of impinging. | (verb) To compress; to compact; to press into something or pack together. | (verb) To influence; to affect; to have an impact on. | (verb) To stamp or impress onto something."
convince,"(verb) To make someone believe, or feel sure about something, especially by using logic, argument or evidence. | (verb) To persuade. | (verb) To overcome, conquer, vanquish. | (verb) To confute; to prove wrong. | (verb) To prove guilty; to convict."
cook,"(noun) A person who prepares food. | (noun) The head cook of a manor house | (noun) The degree or quality of cookedness of food | (noun) One who manufactures certain illegal drugs, especially meth. | (noun) A session of manufacturing certain illegal drugs, especially meth. | (noun) A fish, the European striped wrasse, Labrus mixtus. | (verb) To prepare (food) for eating by heating it, often by combining it with other ingredients. | (verb) To prepare (unspecified) food for eating by heating it, often by combining it with other ingredients. | (verb) To be cooked. | (verb) To be uncomfortably hot. | (verb) To execute by electric chair. | (verb) To hold onto (a grenade) briefly after igniting the fuse, so that it explodes almost immediately after being thrown. | (verb) To concoct or prepare. | (verb) To tamper with or alter; to cook up. | (verb) To play or improvise in an inspired and rhythmically exciting way. (From 1930s jive talk.) | (verb) To play music vigorously. | (verb) To make the noise of the cuckoo. | (verb) To throw."
council,"(noun) A committee that leads or governs (e.g. city council, student council). | (noun) Discussion or deliberation."
count,"(noun) The act of counting or tallying a quantity. | (noun) The result of a tally that reveals the number of items in a set; a quantity counted. | (noun) A countdown. | (noun) A charge of misconduct brought in a legal proceeding. | (noun) The number of balls and strikes, respectively, on a batter's in-progress plate appearance. | (noun) An object of interest or account; value; estimation. | (verb) To recite numbers in sequence. | (verb) To determine the number (of objects in a group). | (verb) To be of significance; to matter. | (verb) To be an example of something: often followed by as and an indefinite noun. | (verb) To consider something an example of something. | (verb) To take account or note (of). | (verb) To plead orally; to argue a matter in court; to recite a count. | (adjective) (grammar) Countable. | (noun) The male ruler of a county. | (noun) A nobleman holding a rank intermediate between dukes and barons. | (noun) Any of various nymphalid butterflies of the genus Tanaecia. Other butterflies in this genus are called earls and viscounts."
county,"(noun) The land ruled by a count or a countess. | (noun) An administrative region of various countries, including Bhutan, Canada, China, Croatia, Ireland, Japan, New Zealand, Norway, Poland, Romania, South Korea, Sweden, the United Kingdom, and 48 of the 50 United States (excluding Alaska and Louisiana). | (noun) A definitive geographic region, without direct administrative functions. | (noun) A jail operated by a county government. | (adjective) Characteristic of a ‘county family’; representative of the gentry or aristocracy of a county."
craft,"(noun) Strength; power; might; force . | (noun) Intellectual power; skill; art. | (noun) (obsolete in the general sense) A work or product of art . | (noun) A device, a means; a magical device, spell or enchantment . | (noun) Learning of the schools, scholarship; a branch of learning or knowledge, a science, especially one of the ‘seven liberal arts’ of the medieval universities . | (noun) Skill, skilfulness, art, especially the skill needed for a particular profession . | (noun) (plural crafts) A branch of skilled work or trade, especially one requiring manual dexterity or artistic skill, but sometimes applied equally to any business, calling or profession; the skilled practice of a practical occupation . | (noun) A trade or profession as embodied in its practitioners collectively; the members of a trade or handicraft as a body; an association of these; a trade's union, guild, or ‘company’ . | (noun) (plural craft) A vehicle designed for navigation in or on water or air or through outer space . | (noun) Implements used in catching fish, such as net, line, or hook. Modern use primarily in whaling, as in harpoons, hand-lances, etc. . | (verb) To make by hand and with much skill. | (verb) To construct, develop something (like a skilled craftsman). | (verb) To combine multiple items to form a new item, such as armour or medicine."
democratic,"(adjective) Pertaining to democracy; favoring democracy, or constructed upon the principle of government by the people. | (adjective) Relating to a political party so called; usually, Democratic. | (adjective) Exhibiting social equality, egalitarian (see online Oxford)."
department,"(noun) A part, portion, or subdivision. | (noun) A distinct course of life, action, study, or the like. | (noun) A subdivision of an organization. | (noun) A territorial division; a district; especially, in France, one of the districts into which the country is divided for governmental purposes, similar to a county in the UK and in the USA. France is composed of 101 départements organized in 18 régions, each department is divided into arrondissements, in turn divided into cantons. | (noun) A military subdivision of a country | (noun) Act of departing; departure."
depend,"(verb) (followed by on or upon, formerly also by of) To be contingent or conditioned; to have something as a necessary condition; to hinge on. | (verb) (followed by on or upon) To trust; to have confidence; to rely. | (verb) To hang down; to be sustained by being fastened or attached to something above. | (verb) To be pending; to be undetermined or undecided."
desk,"(noun) A table, frame, or case, in past centuries usually with a sloping top but now usually with a flat top, for the use of writers and readers. It often has a drawer or repository underneath. | (noun) A reading table or lectern to support the book from which the liturgical service is read, differing from the pulpit from which the sermon is preached; also (especially in the United States), a pulpit. Hence, used symbolically for the clerical profession. | (noun) A department of a newspaper tasked with covering a particular geographical region or aspect of the news. | (verb) To shut up, as in a desk; to treasure. | (verb) To equip with a desk or desks."
differ,"(verb) Not to have the same traits or characteristics; to be unalike or distinct. | (verb) (people, groups, etc.) To have diverging opinions, disagree. | (verb) To be separated in quantity."
different,"(noun) The different ideal. | (adjective) Not the same; exhibiting a difference. | (adjective) Various, assorted, diverse. | (adjective) Distinct, separate; used for emphasis after numbers and other determiners of quantity. | (adjective) Unlike most others; unusual. | (adverb) Differently."
dig,"(noun) An archeological or paleontological investigation, or the site where such an investigation is taking place. | (noun) A plodding and laborious student. | (noun) A thrust; a poke. | (noun) A tool for digging. | (noun) A defensive pass of the ball that has been attacked by the opposing team. | (noun) A cutting, sarcastic remark. | (noun) A rare or interesting vinyl record bought second-hand. | (verb) To move hard-packed earth out of the way, especially downward to make a hole with a shovel. Or to drill, or the like, through rocks, roads, or the like. More generally, to make any similar hole by moving material out of the way. | (verb) To get by digging; to take from the ground; often with up. | (verb) To take ore from its bed, in distinction from making excavations in search of ore. | (verb) To work like a digger; to study ploddingly and laboriously. | (verb) To investigate, to research, often followed by out or up. | (verb) To thrust; to poke. | (verb) To defend against an attack hit by the opposing team by successfully passing the ball | (verb) To understand or show interest in. | (verb) To appreciate, or like. | (noun) Digoxin."
disappear,"(verb) To vanish. | (verb) To make vanish; especially, to abduct and murder surreptitiously for political reasons. | (verb) To go away; to become lost."
discovery,(noun) Something discovered. | (noun) The discovering of new things. | (noun) An act of uncovering or revealing something; a revelation. | (noun) A pre-trial phase in which evidence is gathered. | (noun) Materials revealed to the opposing party during the pre-trial phase in which evidence is gathered.
dismiss,"(verb) To discharge; to end the employment or service of. | (verb) To order to leave. | (verb) To dispel; to rid one’s mind of. | (verb) To reject; to refuse to accept. | (verb) To send or put away, to discard with disregard, contempt or disdain. (sometimes followed by as). | (verb) To get a batsman out. | (verb) To give someone a red card; to send off."
distinguish,(verb) To recognize someone or something as different from others based on its characteristics. | (verb) To see someone or something clearly or distinctly. | (verb) To make oneself noticeably different or better from others through accomplishments. | (verb) To make to differ.
distribute,"(verb) To divide into portions and dispense. | (verb) To supply to retail outlets. | (verb) To deliver or pass out. | (verb) To scatter or spread. | (verb) To apportion (more or less evenly). | (verb) To classify or separate into categories. | (verb) To be distributive. | (verb) To separate (type which has been used) and return it to the proper boxes in the cases. | (verb) To spread (ink) evenly, as upon a roller or a table. | (verb) To employ (a term) in its whole extent; to take as universal in one premise."
district,(noun) An administrative division of an area. | (noun) An area or region marked by some distinguishing feature. | (noun) An administrative division of a county without the status of a borough. | (verb) To divide into administrative or other districts. | (adjective) Rigorous; stringent; harsh
do,"(noun) A party, celebration, social function. | (noun) A hairdo. | (noun) Something that can or should be done (usually in the phrase dos and don'ts). | (noun) A deed; an act. | (noun) Ado; bustle; stir; to-do; A period of confusion or argument. | (noun) A cheat; a swindler. | (noun) An act of swindling; a fraud or deception. | (verb) (auxiliary) A syntactic marker. | (verb) To perform; to execute. | (verb) To cause, make (someone) (do something). | (verb) To suffice. | (verb) To be reasonable or acceptable. | (verb) (ditransitive) To have (as an effect). | (verb) To fare, perform (well or poorly). | (verb) (chiefly in questions) To have as one's job. | (verb) To perform the tasks or actions associated with (something). | (verb) To cook. | (verb) To travel in, to tour, to make a circuit of. | (verb) To treat in a certain way. | (verb) To work for or on, by way of caring for, looking after, preparing, cleaning, keeping in order, etc. | (verb) To act or behave in a certain manner; to conduct oneself. | (verb) To spend (time) in jail. (See also do time) | (verb) To impersonate or depict. | (verb) (with 'a' and the name of a person, place, event, etc.) To copy or emulate the actions or behaviour that is associated with the person or thing mentioned. | (verb) To kill. | (verb) To deal with for good and all; to finish up; to undo; to ruin; to do for. | (verb) To punish for a misdemeanor. | (verb) To have sex with. (See also do it) | (verb) To cheat or swindle. | (verb) To convert into a certain form; especially, to translate. | (verb) To finish. | (verb) To work as a domestic servant (with for). | (verb) (auxiliary) Used to form the present progressive of verbs. | (verb) To cash or to advance money for, as a bill or note. | (verb) (ditransitive) To make or provide. | (verb) To injure (one's own body part). | (verb) To take drugs. | (verb) (in the form be doing [somewhere]) To exist with a purpose or for a reason. | (noun) A syllable used in solfège to represent the first and eighth tonic of a major scale. | (adverb) As said before, likewise."
document,"(noun) An original or official paper used as the basis, proof, or support of anything else, including any writing, book, or other instrument conveying information pertinent to such proof or support. | (noun) Any material substance on which the information is represented by writing. | (noun) A file that contains text. | (noun) That which is taught or authoritatively set forth; precept; instruction; dogma. | (noun) An example for instruction or warning. | (verb) To record in documents. | (verb) To furnish with documents or papers necessary to establish facts or give information."
doubt,"(noun) Disbelief or uncertainty (about something); a particular instance of such disbelief or uncertainty. | (noun) A point of uncertainty; a query. | (verb) To be undecided about; to lack confidence in; to disbelieve, to question. | (verb) To harbour suspicion about; suspect. | (verb) To anticipate with dread or fear; to apprehend. | (verb) To fill with fear; to affright. | (verb) To dread, to fear."
drama,"(noun) A composition, normally in prose, telling a story and intended to be represented by actors impersonating the characters and speaking the dialogue | (noun) Such a work for television, radio or the cinema (usually one that is not a comedy) | (noun) Theatrical plays in general | (noun) A situation in real life that has the characteristics of such a theatrical play | (noun) Rumor, lying or exaggerated reaction to life or online events; melodrama; an angry dispute or scene; a situation made more complicated or worse than it should be; intrigue or spiteful interpersonal maneuvering."
drink,"(verb) To consume (a liquid) through the mouth. | (verb) (metonymic) To consume the liquid contained within (a bottle, glass, etc.). | (verb) To consume alcoholic beverages. | (verb) To take in (a liquid), in any manner; to suck up; to absorb; to imbibe. | (verb) To take in; to receive within one, through the senses; to inhale; to hear; to see. | (verb) To smoke, as tobacco. | (noun) A beverage. | (noun) Drinks in general; something to drink | (noun) A type of beverage (usually mixed). | (noun) A (served) alcoholic beverage. | (noun) The action of drinking, especially with the verbs take or have. | (noun) Alcoholic beverages in general. | (noun) (with the) Any body of water."
dry,"(noun) The process by which something is dried. | (noun) A prohibitionist (of alcoholic beverages). | (noun) (with ""the"") The dry season. | (noun) An area of waterless country. | (noun) (UK politics) A radical or hard-line Conservative; especially, one who supported the policies of British Prime Minister Margaret Thatcher in the 1980s. | (verb) To lose moisture. | (verb) To remove moisture from. | (verb) To be thirsty. | (verb) To exhaust; to cause to run dry. | (verb) For an actor to forget his or her lines while performing. | (adjective) Free from or lacking moisture. | (adjective) Unable to produce a liquid, as water, oil, or (farming) milk. | (adjective) Built without or lacking mortar. | (adjective) Anhydrous: free from or lacking water in any state, regardless of the presence of other liquids. | (adjective) Athirst, eager. | (adjective) Free from or lacking alcohol or alcoholic beverages. | (adjective) Describing an area where sales of alcoholic or strong alcoholic beverages are banned. | (adjective) Free from or lacking embellishment or sweetness, particularly: | (adjective) (somewhat derogatory) Involving computations rather than work with biological or chemical matter. | (adjective) (of a sound recording) Free from applied audio effects. | (adjective) Without a usual complement or consummation; impotent. | (adjective) Of a mass, service, or rite: involving neither consecration nor communion."
during,"(verb) To last, continue, endure. | (preposition) For all of a given time interval. | (preposition) At any time or period within a given time interval."
eat,"(noun) Something to be eaten; a meal; a food item. | (verb) To ingest; to be ingested. | (verb) To use up. | (verb) To cause (someone) to worry. | (verb) To take the loss in a transaction. | (verb) To be injured or killed by (something such as a firearm or its projectile), especially in the mouth. | (verb) To corrode or erode. | (verb) To perform oral sex (on a person or body part)."
economic,(adjective) Pertaining to an economy. | (adjective) Frugal; cheap (in the sense of representing good value); economical. | (adjective) Pertaining to the study of money and its movement.
edition,"(noun) A written work edited and published, as by a certain editor or in a certain manner. | (noun) The whole number of copies of a work printed and published at one time. | (noun) A particular instance of an event."
editor,"(noun) A person who edits or makes changes to documents. | (noun) A copy editor. | (noun) A person who edited a specific document. | (noun) A person at a newspaper, publisher or similar institution who edits stories and/or decides which ones to publish. | (noun) A machine used for editing (cutting and splicing) movie film | (noun) (computer software) A program for creating and making changes to files, especially text files. | (noun) Someone who manipulates video footage and assembles it into the correct order etc for broadcast; a picture editor."
education,"(noun) The process of imparting knowledge, skill and judgment. | (noun) Facts, skills and ideas that have been learned, either formally or informally."
egg,"(noun) An approximately spherical or ellipsoidal body produced by birds, reptiles, insects and other animals, housing the embryo during its development. | (noun) The egg of a domestic fowl (especially a hen) or its contents, used as food. | (noun) The female primary cell, the ovum. | (noun) Anything shaped like an egg, such as an Easter egg or a chocolate egg. | (noun) A swelling on one's head, usually large or noticeable, associated with an injury. | (noun) (mildly) A Caucasian who behaves as if they were (East) Asian (from being ""white"" outside and ""yellow"" inside). | (noun) A foolish or obnoxious person. | (noun) A person, fellow. | (noun) A person who is regarded as having not yet realized they are transgender, has not yet come out, or is in the early stages of transitioning. | (noun) One of the blocks of data injected into a program's address space for use by certain forms of shellcode, such as ""omelettes"". | (verb) To throw eggs at. | (verb) To dip in or coat with beaten egg. | (verb) To distort a circular cross-section (as in a tube) to an elliptical or oval shape, either inadvertently or intentionally. | (verb) To encourage, incite."
elderly,"(noun) An elderly person | (noun) (the elderly) older people as a whole | (adjective) Old; having lived for relatively many years. | (adjective) Of an object, being old-fashioned or frail due to aging."
electronic,"(adjective) : Of or pertaining to an electron or electrons. | (adjective) Operating on the physical behavior of electrons, especially in semiconductors. | (adjective) Generated by an electronic device. | (adjective) Of or pertaining to the Internet."
element,"(noun) One of the simplest or essential parts or principles of which anything consists, or upon which the constitution or fundamental powers of anything are based. | (noun) A small part of the whole. | (noun) The sky. | (noun) (with ""the"") Atmospheric forces such as strong winds and rains. | (noun) A place or state of being that an individual or object is best suited to. | (noun) (usually in the plural) The bread and wine taken at Holy Communion. | (noun) A group of people within a larger group having a particular common characteristic. | (noun) A component in electrical equipment, often in the form of a coil, having a high resistance, thereby generating heat when a current is passed through it. | (noun) One of the conceptual objects in a markup language, usually represented in text by tags. | (verb) To compound of elements. | (verb) To constitute and be the elements of."
emerge,"(verb) To come into view. | (verb) To come out of a situation, object or a liquid. | (verb) To become known."
emotion,"(noun) A person's internal state of being and involuntary physiological response to an object or a situation, based on or tied to physical state and sensory data. | (noun) A reaction by a non-human organism with behavioral and physiological elements similar to a person's response."
employer,"(noun) A person, firm or other entity which pays for or hires the services of another person."
empty,"(noun) (usually plural) A container, especially a bottle, whose contents have been used up, leaving it empty. | (verb) To make empty; to void; to remove the contents of. | (verb) Of a river, duct, etc: to drain or flow toward an ultimate destination. | (adjective) Devoid of content; containing nothing or nobody; vacant. | (adjective) Containing no elements (as of a string, array, or set), opposed to being null (having no valid value). | (adjective) Free; clear; devoid; often with of. | (adjective) Having nothing to carry, emptyhanded; unburdened. | (adjective) Destitute of effect, sincerity, or sense; said of language. | (adjective) Unable to satisfy; hollow; vain. | (adjective) Destitute of reality, or real existence; unsubstantial. | (adjective) Destitute of, or lacking, sense, knowledge, or courtesy. | (adjective) (of some female animals, especially cows and sheep) Not pregnant; not producing offspring when expected to do so during the breeding season. | (adjective) Producing nothing; unfruitful; said of a plant or tree."
end,"(noun) The terminal point of something in space or time. | (noun) (by extension) The cessation of an effort, activity, state, or motion. | (noun) (by extension) Death. | (noun) The most extreme point of an object, especially one that is longer than it is wide. | (noun) Result. | (noun) A purpose, goal, or aim. | (noun) One of the two parts of the ground used as a descriptive name for half of the ground. | (noun) The position at the end of either the offensive or defensive line, a tight end, a split end, a defensive end. | (noun) A period of play in which each team throws eight rocks, two per player, in alternating fashion. | (noun) An ideal point of a graph or other complex. | (noun) That which is left; a remnant; a fragment; a scrap. | (noun) One of the yarns of the worsted warp in a Brussels carpet. | (noun) (in the plural) Money. | (verb) To come to an end | (verb) To finish, terminate."
entirely,(adverb) To the full or entire extent. | (adverb) To the exclusion of others.
environmental,(adjective) Pertaining to the environment.
equal,"(noun) A person or thing of equal status to others. | (noun) State of being equal; equality. | (verb) To be equal to, to have the same value as; to correspond to. | (verb) To make equivalent to; to cause to match. | (verb) To have as its consequence. | (adjective) The same in all respects. | (adjective) Exactly identical, having the same value. | (adjective) Fair, impartial. | (adjective) Adequate; sufficiently capable or qualified. | (adjective) Not variable; equable; uniform; even. | (adjective) Intended for voices of one kind only, either all male or all female; not mixed."
equivalent,"(noun) Anything that is virtually equal to something else, or has the same value, force, etc. | (noun) An equivalent weight. | (verb) To make equivalent to; to equal. | (adjective) Similar or identical in value, meaning or effect; virtually equal. | (adjective) Of two sets, having a one-to-one correspondence; equinumerous. | (adjective) Relating to the corresponding elements of an equivalence relation. | (adjective) Having the equal ability to combine. | (adjective) Of a map, equal-area. | (adjective) Equal in measure but not admitting of superposition; applied to magnitudes."
escape,"(noun) The act of leaving a dangerous or unpleasant situation. | (noun) Leakage or outflow, as of steam or a liquid, or an electric current through defective insulation. | (noun) Something that has escaped; an escapee. | (noun) A holiday, viewed as time away from the vicissitudes of life. | (noun) Escape key | (noun) The text character represented by 27 (decimal) or 1B (hexadecimal). | (noun) A successful shot from a snooker position. | (noun) A defective product that is allowed to leave a manufacturing facility. | (noun) That which escapes attention or restraint; a mistake, oversight, or transgression. | (noun) A sally. | (noun) An apophyge. | (verb) To get free; to free oneself. | (verb) To avoid (any unpleasant person or thing); to elude, get away from. | (verb) To avoid capture; to get away with something, avoid punishment. | (verb) To elude the observation or notice of; to not be seen or remembered by. | (verb) To cause (a single character, or all such characters in a string) to be interpreted literally, instead of with any special meaning it would usually have in the same context, often by prefixing with another character. | (verb) To halt a program or command by pressing a key (such as the ""Esc"" key) or combination of keys."
establish,"(verb) To make stable or firm; to confirm. | (verb) To form; to found; to institute; to set up in business. | (verb) To appoint or adopt, as officers, laws, regulations, guidelines, etc.; to enact; to ordain. | (verb) To prove and cause to be accepted as true; to establish a fact; to demonstrate."
ever,"(adjective) Occurring at any time, occurring even but once during a timespan. | (adverb) Always, frequently, forever. | (adverb) Continuously, constantly, all the time (for the complete duration). | (adverb) At any time. | (adverb) In any way. | (adverb) As intensifier following an interrogative word."
every,No Definitions Found
everyone,(pronoun) Every person.
everything,(pronoun) All the things under discussion. | (pronoun) Many or most things. | (pronoun) A state of well-being (from all parts of the whole). | (pronoun) Considerable effort. | (pronoun) The most important thing.
excellent,"(adjective) Having excelled, having surpassed. | (adjective) Of higher or the highest quality; splendid. | (adjective) Exceptionally good of its kind. | (adjective) Superior in kind or degree, irrespective of moral quality. | (adverb) Excellently."
exercise,"(noun) Any activity designed to develop or hone a skill or ability. | (noun) Activity intended to improve physical, or sometimes mental, strength and fitness. | (noun) A setting in action or practicing; employment in the proper mode of activity; exertion; application; use. | (noun) The performance of an office, ceremony, or duty. | (noun) That which gives practice; a trial; a test. | (verb) To exert for the sake of training or improvement; to practice in order to develop. | (verb) To perform physical activity for health or training. | (verb) To use (a right, an option, etc.); to put into practice. | (verb) (now often in passive) To occupy the attention and effort of; to task; to tax, especially in a painful or vexatious manner; harass; to vex; to worry or make anxious. | (verb) To set in action; to cause to act, move, or make exertion; to give employment to."
exist,(verb) (stative) to be; have existence; have being or reality
expand,"(verb) To change (something) from a smaller form and/or size to a larger one; to spread out or lay open. | (verb) To increase the extent, number, volume or scope of (something). | (verb) To express (something) at length and/or in detail. | (verb) To rewrite (an expression) as a longer, yet equivalent sum of terms. | (verb) (of an expression) To become, by rewriting, a longer, yet equivalent sum of terms. | (verb) To multiply both the numerator and the denominator of a fraction by the same natural number yielding a fraction of equal value | (verb) To change from a smaller form/size to a larger one. | (verb) To increase in extent, number, volume or scope. | (verb) To speak or write at length or in detail. | (verb) To feel generous or optimistic."
experience,"(noun) The effect upon the judgment or feelings produced by any event, whether witnessed or participated in; personal and direct impressions as contrasted with description or fancies; personal acquaintance; actual enjoyment or suffering. | (noun) An activity one has performed. | (noun) A collection of events and/or activities from which an individual or group may gather knowledge, opinions, and skills. | (noun) The knowledge thus gathered. | (noun) Trial; a test or experiment. | (verb) To observe certain events; undergo a certain feeling or process; or perform certain actions that may alter one or contribute to one's knowledge, opinions, or skills."
expert,(noun) A person with extensive knowledge or ability in a given subject. | (noun) A player ranking just below master. | (adjective) Extraordinarily capable or knowledgeable. | (adjective) Characteristic of an expert.
explain,"(verb) To make plain, manifest, or intelligible; to clear of obscurity; to illustrate the meaning of. | (verb) To give a valid excuse for past behavior. | (verb) To make flat, smooth out. | (verb) To unfold or make visible. | (verb) To make something plain or intelligible."
extensive,(adjective) Having a great extent; covering a large area; vast | (adjective) Considerable in amount. | (adjective) Serving to extend or lengthen; characterized by extension | (adjective) Having a combined system entropy that equals the sum of the entropies of the independent systems.
extraordinary,(noun) Anything that goes beyond what is ordinary. | (adjective) Not ordinary; exceptional; unusual. | (adjective) Remarkably good. | (adjective) Special or supernumerary.
facility,"(noun) The fact of being easy, or easily done; absence of difficulty, simplicity. | (noun) Dexterity of speech or action; skill, talent. | (noun) The physical means or contrivances to make something (especially a public service) possible; the required equipment, infrastructure, location etc. | (noun) An institution specially designed for a specific purpose, such as incarceration, military use, or scientific experimentation. | (noun) (in the plural) A toilet. | (noun) A condition of mental weakness less than idiocy, but enough to make a person easily persuaded to do something against their better interest. | (noun) Affability."
family,"(noun) A group of people who are closely related to one another (by blood, marriage or adoption); kin; for example, a set of parents and their children; an immediate family. | (noun) An extended family; a group of people who are related to one another by blood or marriage. | (noun) A (close-knit) group of people related by blood, friendship, marriage, law, or custom, especially if they live or work together. | (noun) Lineage, especially an honorable one | (noun) A rank in the classification of organisms, below order and above genus; a taxon at that rank. | (noun) Any group or aggregation of things classed together as kindred or related from possessing in common characteristics which distinguish them from other things of the same order. | (noun) A group of instruments having the same basic method of tone production. | (noun) A group of languages believed to have descended from the same ancestral language. | (noun) Used attributively. | (adjective) Suitable for children and adults. | (adjective) Conservative, traditional. | (adjective) Homosexual. | (noun) A person belonging to a particular family; a close relative or relation."
favor,"(noun) A kind or helpful deed; an instance of voluntarily assisting (someone). | (noun) Goodwill; benevolent regard. | (noun) A small gift; a party favor. | (noun) Mildness or mitigation of punishment; lenity. | (noun) The object of regard; person or thing favoured. | (noun) Appearance; look; countenance; face. | (noun) Partiality; bias. | (noun) A letter, a written communication. | (noun) Anything worn publicly as a pledge of a woman's favor. | (noun) (in the plural) Lovelocks. | (verb) To look upon fondly; to prefer. | (verb) To encourage, conduce to | (verb) To do a favor [noun sense 1] for; to show beneficence toward. | (verb) To treat with care. | (verb) (including) To resemble, to look like (another person)."
fear,"(noun) A strong, uncontrollable, unpleasant emotion or feeling caused by actual or perceived danger or threat. | (noun) A phobia, a sense of fear induced by something or someone. | (noun) Terrified veneration or reverence, particularly towards God, gods, or sovereigns. | (verb) To feel fear about (something or someone); to be afraid of; to consider or expect with alarm. | (verb) To feel fear (about something). | (verb) (used with for) To worry about, to feel concern for, to be afraid for. | (verb) To venerate; to feel awe towards. | (verb) To regret. | (verb) To cause fear to; to frighten. | (verb) To be anxious or solicitous for. | (verb) To suspect; to doubt. | (adjective) Able; capable; stout; strong; sound."
final,"(noun) A final examination; a test or examination given at the end of a term or class; the test that concludes a class. | (noun) The last round, game or match in a contest, after which the winner is determined. | (noun) A contest that narrows a field of contestants (finalists) to ranked positions, usually in numbered places (1st place/prize, 2nd place/prize, etc.) or a winner and numbered runners-up (1st runner-up, etc.). | (noun) The final part of a syllable, the combination of medial and rime in phonetics and phonology. | (noun) The tonic or keynote of a Gregorian mode, and hence the final note of any conventional melody played in that mode. | (adjective) Last; ultimate. | (adjective) Conclusive; decisive. | (adjective) Respecting an end or object to be gained; respecting the purpose or ultimate end in view. | (adjective) (grammar) Expressing purpose; as in the term final clause. | (adjective) Word-final, occurring at the end of a word."
floor,"(noun) The interior bottom or surface of a house or building; the supporting surface of a room. | (noun) Ground (surface of the Earth, as opposed to the sky or water or underground). | (noun) The lower inside surface of a hollow space. | (noun) A structure formed of beams, girders, etc, with proper covering, which divides a building horizontally into storeys/stories. | (noun) The supporting surface or platform of a structure such as a bridge. | (noun) A storey/story of a building. | (noun) In a parliament, the part of the house assigned to the members, as opposed to the viewing gallery. | (noun) Hence, the right to speak at a given time during a debate or other public event. | (noun) That part of the bottom of a vessel on each side of the keelson which is most nearly horizontal. | (noun) The rock underlying a stratified or nearly horizontal deposit. | (noun) A horizontal, flat ore body. | (noun) The largest integer less than or equal to a given number. | (noun) An event performed on a floor-like carpeted surface. | (noun) A floor-like carpeted surface for performing gymnastic movements. | (noun) A lower limit on the interest rate payable on an otherwise variable-rate loan, used by lenders to defend against falls in interest rates. Opposite of a cap. | (noun) A dance floor. | (noun) The area in which business is conducted at a convention or exhibition | (verb) To cover or furnish with a floor. | (verb) To strike down or lay level with the floor; to knock down. | (verb) (driving) To accelerate rapidly. | (verb) To silence by a conclusive answer or retort. | (verb) To amaze or greatly surprise. | (verb) To finish or make an end of. | (verb) To set a lower bound."
fly,"(noun) Any insect of the order Diptera; characterized by having two wings (except for some wingless species), also called true flies. | (noun) (non-technical) Especially, any of the insects of the family Muscidae, such as the common housefly (other families of Diptera include mosquitoes and midges). | (noun) Any similar, but unrelated insect such as dragonfly or butterfly. | (noun) A lightweight fishing lure resembling an insect. | (noun) A chest exercise performed by moving extended arms from the sides to in front of the chest. (also flye) | (noun) A witch's familiar. | (noun) A parasite. | (noun) The butterfly stroke (plural is normally flys) | (noun) (preceded by definite article) A simple dance in which the hands are shaken in the air, popular in the 1960s. | (noun) The action of flying; flight. | (noun) An act of flying. | (noun) A fly ball. | (noun) A type of small, fast carriage (sometimes pluralised flys). | (noun) A piece of canvas that covers the opening at the front of a tent. | (noun) (often plural) A strip of material (sometimes hiding zippers or buttons) at the front of a pair of trousers, pants, underpants, bootees, etc. | (noun) The free edge of a flag. | (noun) The horizontal length of a flag. | (noun) An exercise that involves wide opening and closing of the arms perpendicular to the shoulders. | (noun) The part of a vane pointing the direction from which the wind blows. | (noun) That part of a compass on which the points are marked; the compass card. | (noun) Two or more vanes set on a revolving axis, to act as a fanner, or to equalize or impede the motion of machinery by the resistance of the air, as in the striking part of a clock. | (noun) A heavy wheel, or cross arms with weights at the ends on a revolving axis, to regulate or equalize the motion of machinery by means of its inertia, where the power communicated, or the resistance to be overcome, is variable, as in the steam engine or the coining press. See flywheel. | (noun) A light horse-drawn carriage that can be hired for transportation. | (noun) In a knitting machine, the piece hinged to the needle, which holds the engaged loop in position while the needle is penetrating another loop; a latch. | (noun) The pair of arms revolving around the bobbin, in a spinning wheel or spinning frame, to twist the yarn. | (noun) A shuttle driven through the shed by a blow or jerk. | (noun) The person who took the printed sheets from the press. | (noun) A vibrating frame with fingers, attached to a power printing press for doing the same work. | (noun) One of the upper screens of a stage in a theatre. | (noun) (cotton manufacture) waste cotton | (verb) To hit a fly ball; to hit a fly ball that is caught for an out. Compare ground (verb) and line (verb). | (verb) To travel through the air, another gas or a vacuum, without being in contact with a grounded surface. | (verb) To flee, to escape (from). | (verb) To cause to fly (travel or float in the air): to transport via air or the like. | (verb) (of a proposal, project or idea) To be accepted, come about or work out. | (verb) To travel very fast, hasten. | (verb) To move suddenly, or with violence; to do an act suddenly or swiftly. | (verb) To display (a flag) on a flagpole. | (verb) To hunt with a hawk. | (adjective) Quick-witted, alert, mentally sharp. | (adjective) Well dressed, smart in appearance; in style, cool. | (adjective) Beautiful; displaying physical beauty. | (noun) (rural) A wing."
fold,"(noun) An act of folding. | (noun) A bend or crease. | (noun) Any correct move in origami. | (noun) (newspapers) The division between the top and bottom halves of a broadsheet: headlines above the fold will be readable in a newsstand display; usually the fold. | (noun) (by extension) The division between the part of a web page visible in a web browser window without scrolling; usually the fold. | (noun) That which is folded together, or which enfolds or envelops; embrace. | (noun) The bending or curving of one or a stack of originally flat and planar surfaces, such as sedimentary strata, as a result of plastic (i.e. permanent) deformation. | (noun) In functional programming, any of a family of higher-order functions that process a data structure recursively to build up a value. | (noun) A section of source code that can be collapsed out of view in an editor to aid readability. | (verb) To bend (any thin material, such as paper) over so that it comes in contact with itself. | (verb) To make the proper arrangement (in a thin material) by bending. | (verb) To become folded; to form folds. | (verb) To fall over; to be crushed. | (verb) To enclose within folded arms (see also enfold). | (verb) To give way on a point or in an argument. | (verb) To withdraw from betting. | (verb) (by extension) To withdraw or quit in general. | (verb) To stir gently, with a folding action. | (verb) Of a company, to cease to trade. | (verb) To double or lay together, as the arms or the hands. | (verb) To cover or wrap up; to conceal. | (noun) A pen or enclosure for sheep or other domestic animals. | (noun) (collective) A group of sheep or goats. | (noun) Home, family. | (noun) A church congregation, a group of people who adhere to a common faith and habitually attend a given church; the Christian church as a whole, the flock of Christ. | (noun) A group of people with shared ideas or goals or who live or work together. | (noun) A boundary or limit. | (verb) To confine animals in a fold. | (noun) The Earth; earth; land, country."
grant,"(noun) The act of granting; a bestowing or conferring; concession; allowance; permission. | (noun) The yielding or admission of something in dispute. | (noun) The thing or property granted; a gift; a boon. | (noun) A transfer of property by deed or writing; especially, an appropriation or conveyance made by the government. | (noun) The deed or writing by which such a transfer is made. | (noun) An application for a grant (monetary boon to aid research or the like). | (verb) (ditransitive) to give (permission or wish) | (verb) (ditransitive) To bestow or confer, with or without compensation, particularly in answer to prayer or request; to give. | (verb) To agree with (someone) on (something); to accept (something) for the sake of argument; to admit to (someone) that (something) is true. | (verb) To assent; to consent."
half,"(noun) One of two usually roughly equal parts into which anything may be divided, or considered as divided. | (noun) Half of a standard measure; frequently used for half a pint of beer or cider. | (noun) (preceded by “a” or a number) The fraction obtained by dividing 1 by 2. | (noun) Part; side; behalf. | (noun) Any of the three terms at Eton College, for Michaelmas, Lent, and summer. | (noun) A half sibling. | (noun) A child ticket. | (verb) To halve. | (adjective) Consisting of a half (1/2, 50%). | (adjective) Consisting of some indefinite portion resembling a half; approximately a half, whether more or less; partial; imperfect. | (adjective) (of a sibling) Having one parent (rather than two) in common. | (adjective) (rare, of a relative other than a sibling) Related through one common grandparent or ancestor rather than two. | (adverb) In two equal parts or to an equal degree. | (adverb) In some part approximating a half. | (adverb) Partially; imperfectly. | (preposition) A half-hour after, thirty minutes after (used with the number of the hour)."
happy,"(noun) A happy event, thing, person, etc. | (noun) Preceded by the: happy people as a group. | (verb) Often followed by up: to become happy; to brighten up, to cheer up. | (verb) Often followed by up: to make happy; to brighten, to cheer, to enliven. | (adjective) Having a feeling arising from a consciousness of well-being or of enjoyment; enjoying good of any kind, such as comfort, peace, or tranquillity; blissful, contented, joyous. | (adjective) Experiencing the effect of favourable fortune; favored by fortune or luck; fortunate, lucky, propitious. | (adjective) Content, satisfied (with or to do something); having no objection (to something). | (adjective) (Of acts, speech, etc.) Appropriate, apt, felicitous. | (adjective) (in combination) Favoring or inclined to use. | (adjective) (of people, often followed by ""at"" or ""in"") Dexterous, ready, skilful."
heat,"(noun) Thermal energy. | (noun) The condition or quality of being hot. | (noun) An attribute of a spice that causes a burning sensation in the mouth. | (noun) A period of intensity, particularly of emotion. | (noun) An undesirable amount of attention. | (noun) The police. | (noun) One or more firearms. | (noun) A fastball. | (noun) A condition where a mammal is aroused sexually or where it is especially fertile and therefore eager to mate. | (noun) A preliminary race, used to determine the participants in a final race | (noun) One cycle of bringing metal to maximum temperature and working it until it is too cool to work further. | (noun) A hot spell. | (noun) Heating system; a system that raises the temperature of a room or building. | (noun) The output of a heating system. | (noun) In omegaverse fiction, a cyclical period in which alphas and omegas experience an intense, sometimes irresistible biological urge to mate. | (verb) To cause an increase in temperature of (an object or space); to cause to become hot (often with ""up""). | (verb) To become hotter. | (verb) To excite or make hot by action or emotion; to make feverish. | (verb) To excite ardour in; to rouse to action; to excite to excess; to inflame, as the passions. | (verb) To arouse, to excite (sexually)."
her,"(noun) A female person or animal. | (pronoun) The form of she used after a preposition or as the object of a verb; that woman, that ship, etc."
highway,"(noun) A motor vehicle for transporting large numbers of people along roads. | (noun) An electrical conductor or interface serving as a common connection for two or more circuits or components. | (noun) (medical industry) An ambulance. | (noun) A main, direct public road, especially a multi-lane, high speed thoroughfare connecting major population centers. | (noun) Any public road for vehicular traffic."
hill,"(noun) An elevated location smaller than a mountain. | (noun) A sloping road. | (noun) A heap of earth surrounding a plant. | (noun) A single cluster or group of plants growing close together, and having the earth heaped up about them. | (noun) The pitcher’s mound. | (verb) To form into a heap or mound. | (verb) To heap or draw earth around plants."
hold,"(noun) A grasp or grip. | (noun) An act or instance of holding. | (noun) A place where animals are held for safety | (noun) An order that something is to be reserved or delayed, limiting or preventing how it can be dealt with. | (noun) Something reserved or kept. | (noun) Power over someone or something. | (noun) The ability to persist. | (noun) The property of maintaining the shape of styled hair. | (noun) A position or grip used to control the opponent. | (noun) (exercise) An exercise involving holding a position for a set time | (noun) The percentage the house wins on a gamble, the house or bookmaker's hold. | (noun) The wager amount, the total hold. | (noun) An instance of holding one's service game, as opposed to being broken. | (noun) The part of an object one is intended to grasp, or anything one can use for grasping with hands or feet. | (noun) A fruit machine feature allowing one or more of the reels to remain fixed while the others spin. | (noun) A pause facility. | (noun) The queueing system on telephones and similar communication systems which maintains a connection when all lines are busy. | (noun) A statistic awarded to a relief pitcher who is not still pitching at the end of the game and who records at least one out and maintains a lead for his team. | (noun) A region of airspace reserved for aircraft being kept in a holding pattern. | (verb) To grasp or grip. | (verb) To contain or store. | (verb) (heading) To maintain or keep to a position or state. | (verb) (heading) To maintain or keep to particular opinions, promises, actions. | (verb) To win one's own service game. | (verb) To take place, to occur. | (verb) To organise an event or meeting (usually in passive voice). | (verb) To derive right or title. | (verb) In a food or drink order at an informal restaurant etc., requesting that a component normally included in that order be omitted. | (verb) To be in possession of illicit drugs for sale. | (noun) The cargo area of a ship or aircraft (often holds or cargo hold). | (adjective) Gracious; friendly; faithful; true."
hole,"(noun) A hollow place or cavity; an excavation; a pit; an opening in or through a solid body, a fabric, etc.; a perforation; a rent; a fissure. | (noun) (heading) In games. | (noun) An excavation pit or trench. | (noun) A weakness; a flaw or ambiguity. | (noun) A container or receptacle. | (noun) In semiconductors, a lack of an electron in an occupied band behaving like a positively charged particle. | (noun) A security vulnerability in software which can be taken advantage of by an exploit. | (noun) An orifice, in particular the anus. When used with shut it always refers to the mouth. | (noun) (particularly in the phrase ""get one's hole"") Sex, or a sex partner. | (noun) (with ""the"") Solitary confinement, a high-security prison cell often used as punishment. | (noun) An undesirable place to live or visit; a hovel. | (noun) Difficulty, in particular, debt. | (noun) A chordless cycle in a graph. | (verb) To make holes in (an object or surface). | (verb) (by extension) To destroy. | (verb) To go into a hole. | (verb) To drive into a hole, as an animal, or a billiard ball or golf ball. | (verb) To cut, dig, or bore a hole or holes in. | (adjective) Entire, undivided. | (adjective) Sound, uninjured, healthy. | (adjective) (of food) From which none of its constituents has been removed. | (adjective) As yet unworked."
horse,"(noun) Any of several animals related to Equus ferus caballus. | (noun) Equipment with legs. | (noun) Type of equipment. | (noun) A mass of earthy matter, or rock of the same character as the wall rock, occurring in the course of a vein, as of coal or ore; hence, to take horse (said of a vein) is to divide into branches for a distance. | (noun) The sedative, antidepressant, and anxiolytic drug morphine, chiefly when used illicitly. | (noun) An informal variant of basketball in which players match shots made by their opponent(s), each miss adding a letter to the word ""horse"", with 5 misses spelling the whole word and eliminating a player, until only the winner is left. Also HORSE, H-O-R-S-E or H.O.R.S.E. (see Variations of basketball#H-O-R-S-E). | (noun) (among students) A translation or other illegitimate aid in study or examination. | (noun) (among students) horseplay; tomfoolery | (verb) To frolic, to act mischievously. (Usually followed by ""around"".) | (verb) To provide with a horse; supply horses for. | (verb) To get on horseback. | (verb) To sit astride of; to bestride. | (verb) (of a male horse) To copulate with (a mare). | (verb) To take or carry on the back. | (verb) To place (someone) on the back of another person, or on a wooden horse, etc., to be flogged; (hence) to flog. | (verb) To urge at work tyrannically. | (verb) To charge for work before it is finished. | (noun) Heroin (drug)."
however,"(adverb) Nevertheless; yet, still; in spite of (that). | (adverb) (degree) To whatever degree or extent | (adverb) (manner) In whatever way or manner. | (adverb) An emphatic form of how. | (adverb) In any case, at any rate, at all events. | (conjunction) In whatever way or manner. | (conjunction) Although, though, but, yet."
huge,"(adjective) Very large. | (adjective) Distinctly interesting, significant, important, likeable, well regarded."
humor,"(noun) The quality of being amusing, comical, funny. | (noun) A mood, especially a bad mood; a temporary state of mind or disposition brought upon by an event; an abrupt illogical inclination or whim. | (noun) Any of the fluids in an animal body, especially the four ""cardinal humours"" of blood, yellow bile, black bile and phlegm that were believed to control the health and mood of the human body. | (noun) Either of the two regions of liquid within the eyeball, the aqueous humour and vitreous humour. | (noun) Moist vapour, moisture. | (verb) To pacify by indulging."
hurt,"(noun) An emotional or psychological humiliation or bad experience. | (noun) A bodily injury causing pain; a wound or bruise. | (noun) Injury; damage; detriment; harm | (noun) A roundel azure (blue circular spot). | (noun) A band on a trip-hammer helve, bearing the trunnions. | (noun) A husk. | (verb) To be painful. | (verb) To cause (a creature) physical pain and/or injury. | (verb) To cause (somebody) emotional pain. | (verb) To undermine, impede, or damage. | (adjective) Wounded, physically injured. | (adjective) Pained."
I,"(noun) The name of the Latin-script letter I. | (pronoun) The speaker or writer, referred to as the grammatical subject, of a sentence. | (pronoun) The speaker or writer, referred to as the grammatical object, of a sentence."
ignore,(verb) To deliberately not listen or pay attention to. | (verb) To pretend to not notice someone or something. | (verb) Fail to notice. | (verb) Not to know.
